Year, Week, Age Group,A (H1),A (Unable to Subtype),A (H3),A (H1N1)pdm09,A (Subtyping not Performed),B (Victoria Lineage),B (Yamagata Lineage),B (Lineage Unspecified),H3N2v
2025,40,0-4 yr,0,0,4,6,1,0,0,0,0
2025,41,0-4 yr,0,0,7,7,0,0,0,0,0
2025,42,0-4 yr,0,0,16,11,0,0,0,0,0
2025,43,0-4 yr,0,0,16,10,0,3,0,0,0
2025,44,0-4 yr,0,0,21,9,1,1,0,3,0
2025,45,0-4 yr,0,0,59,13,1,0,0,0,0
2025,46,0-4 yr,0,0,75,19,4,0,0,0,0
2025,47,0-4 yr,0,0,138,32,6,1,0,8,0
2025,48,0-4 yr,0,0,195,29,23,1,0,5,0
2025,49,0-4 yr,0,0,244,27,29,4,0,4,0
2025,50,0-4 yr,0,0,278,24,95,2,0,2,0
2025,51,0-4 yr,0,0,423,27,222,0,0,10,0
2025,52,0-4 yr,0,0,515,32,294,5,0,13,0
2025,53,0-4 yr,0,0,500,53,241,7,0,19,0
2026,1,0-4 yr,0,0,357,25,142,4,0,22,0
2026,2,0-4 yr,0,0,301,27,83,8,0,15,0
2026,3,0-4 yr,0,0,456,73,38,6,0,12,0
2026,4,0-4 yr,0,0,235,33,29,10,0,16,0
2026,5,0-4 yr,0,0,225,34,26,14,0,27,0
2026,6,0-4 yr,0,0,168,23,21,16,0,34,0
2026,7,0-4 yr,0,0,118,23,13,30,0,49,0
2026,8,0-4 yr,0,0,90,12,16,29,0,44,0
2026,9,0-4 yr,0,0,77,15,9,34,0,50,0
2026,10,0-4 yr,0,0,53,14,2,33,0,41,0
2026,11,0-4 yr,0,0,43,15,7,43,0,62,0
2026,12,0-4 yr,0,0,32,9,6,38,0,51,0
2026,13,0-4 yr,0,0,18,7,2,27,0,54,0
2026,14,0-4 yr,0,0,16,5,1,29,0,22,0
2026,15,0-4 yr,0,0,13,7,2,14,0,23,0
2026,16,0-4 yr,0,0,3,5,0,9,0,23,0
2026,17,0-4 yr,0,0,4,2,1,11,0,10,0
2026,18,0-4 yr,0,0,5,4,0,5,0,5,0
2026,19,0-4 yr,0,0,1,1,0,13,0,10,0
2026,20,0-4 yr,0,0,1,2,0,8,0,7,0
2026,21,0-4 yr,0,0,1,0,0,2,0,4,0
2026,22,0-4 yr,0,0,0,0,0,3,0,4,0
2026,23,0-4 yr,0,0,0,0,1,0,0,1,0
2026,24,0-4 yr,0,0,0,0,0,0,0,0,0
2025,40,5-24 yr,0,0,15,14,3,2,0,2,0
2025,41,5-24 yr,0,0,18,8,1,0,0,4,0
2025,42,5-24 yr,0,0,45,13,3,2,0,5,0
2025,43,5-24 yr,0,0,63,28,1,1,0,2,0
2025,44,5-24 yr,0,0,95,20,0,2,0,7,0
2025,45,5-24 yr,0,0,212,50,7,4,0,11,0
2025,46,5-24 yr,0,0,319,41,6,8,0,18,0
2025,47,5-24 yr,0,0,508,41,36,7,0,42,0
2025,48,5-24 yr,0,0,543,28,67,10,0,20,0
2025,49,5-24 yr,0,0,612,40,94,7,0,25,0
2025,50,5-24 yr,0,0,1027,51,334,14,0,25,0
2025,51,5-24 yr,0,0,1300,62,647,26,0,47,0
2025,52,5-24 yr,0,0,1038,45,568,30,0,46,0
2025,53,5-24 yr,0,0,571,32,308,19,0,29,0
2026,1,5-24 yr,0,0,541,46,218,24,0,54,0
2026,2,5-24 yr,0,0,649,52,174,43,0,49,0
2026,3,5-24 yr,0,0,669,48,100,56,0,84,0
2026,4,5-24 yr,0,0,495,39,74,98,0,105,0
2026,5,5-24 yr,0,0,518,43,79,103,0,169,0
2026,6,5-24 yr,0,0,376,36,75,163,0,208,0
2026,7,5-24 yr,0,0,272,28,41,197,0,307,0
2026,8,5-24 yr,0,0,215,36,22,198,0,209,0
2026,9,5-24 yr,0,0,182,35,10,207,0,296,0
2026,10,5-24 yr,0,0,125,28,6,223,0,245,0
2026,11,5-24 yr,0,0,69,24,10,197,0,237,0
2026,12,5-24 yr,0,0,63,30,7,189,0,188,0
2026,13,5-24 yr,0,0,49,9,2,158,0,179,0
2026,14,5-24 yr,0,0,32,10,4,101,0,140,0
2026,15,5-24 yr,0,0,23,9,5,74,0,129,0
2026,16,5-24 yr,0,0,17,5,0,40,0,119,0
2026,17,5-24 yr,0,0,9,9,2,32,0,63,0
2026,18,5-24 yr,0,0,3,3,0,53,0,69,0
2026,19,5-24 yr,0,0,3,6,0,43,0,62,0
2026,20,5-24 yr,0,0,4,5,0,28,0,54,0
2026,21,5-24 yr,0,0,3,2,0,17,0,40,0
2026,22,5-24 yr,0,0,9,1,0,13,0,22,0
2026,23,5-24 yr,0,0,9,1,1,2,0,9,0
2026,24,5-24 yr,0,0,2,0,0,1,0,3,0
2025,40,25-64 yr,0,0,8,21,1,0,0,2,0
2025,41,25-64 yr,0,0,19,18,4,0,0,1,0
2025,42,25-64 yr,0,0,27,22,3,0,0,2,0
2025,43,25-64 yr,0,0,31,35,2,1,0,3,0
2025,44,25-64 yr,0,0,48,24,3,0,0,0,0
2025,45,25-64 yr,0,0,94,46,7,2,0,3,0
2025,46,25-64 yr,0,0,175,53,7,2,0,4,0
2025,47,25-64 yr,0,0,248,69,17,3,0,9,0
2025,48,25-64 yr,0,0,319,70,31,6,0,6,0
2025,49,25-64 yr,0,0,490,66,75,10,0,18,0
2025,50,25-64 yr,0,0,633,84,198,5,0,15,0
2025,51,25-64 yr,0,0,944,106,436,6,0,16,0
2025,52,25-64 yr,0,0,1122,106,576,13,0,27,0
2025,53,25-64 yr,0,0,1081,117,611,21,0,49,0
2026,1,25-64 yr,0,0,911,106,425,20,0,36,0
2026,2,25-64 yr,0,0,606,85,210,27,0,41,0
2026,3,25-64 yr,0,0,560,88,89,25,0,42,0
2026,4,25-64 yr,0,0,470,70,73,42,0,65,0
2026,5,25-64 yr,0,0,464,91,63,48,0,81,0
2026,6,25-64 yr,0,0,379,83,61,54,0,89,0
2026,7,25-64 yr,0,0,269,91,48,70,0,130,0
2026,8,25-64 yr,0,0,214,71,25,91,0,131,0
2026,9,25-64 yr,0,0,202,61,15,113,0,148,0
2026,10,25-64 yr,0,0,116,38,16,96,0,151,0
2026,11,25-64 yr,0,0,69,35,6,93,0,147,0
2026,12,25-64 yr,0,0,53,25,7,113,0,163,0
2026,13,25-64 yr,0,0,48,30,4,104,0,127,0
2026,14,25-64 yr,0,0,34,37,6,69,0,117,0
2026,15,25-64 yr,0,0,18,25,6,42,0,75,0
2026,16,25-64 yr,0,0,17,10,0,23,0,57,0
2026,17,25-64 yr,0,0,12,6,1,26,0,55,0
2026,18,25-64 yr,0,0,6,9,1,21,0,46,0
2026,19,25-64 yr,0,0,8,7,1,10,0,45,0
2026,20,25-64 yr,0,0,0,6,2,9,0,25,0
2026,21,25-64 yr,0,0,6,5,1,8,0,25,0
2026,22,25-64 yr,0,0,7,3,4,5,0,21,0
2026,23,25-64 yr,0,0,5,4,3,6,0,12,0
2026,24,25-64 yr,0,0,1,2,0,4,0,2,0
2025,40,65+ yr,0,0,10,13,0,0,0,0,0
2025,41,65+ yr,0,0,12,18,2,0,0,0,0
2025,42,65+ yr,0,0,17,18,0,0,0,0,0
2025,43,65+ yr,0,0,25,32,4,0,0,0,0
2025,44,65+ yr,0,0,21,17,5,0,0,0,0
2025,45,65+ yr,0,0,57,28,4,0,0,0,0
2025,46,65+ yr,0,0,93,50,5,1,0,3,0
2025,47,65+ yr,0,0,147,51,12,0,0,1,0
2025,48,65+ yr,0,0,238,67,36,0,0,2,0
2025,49,65+ yr,0,0,351,58,44,0,0,3,0
2025,50,65+ yr,0,0,518,69,119,2,0,1,0
2025,51,65+ yr,0,0,963,84,291,0,0,4,0
2025,52,65+ yr,0,0,1537,117,426,1,0,7,0
2025,53,65+ yr,0,0,1799,147,605,1,0,10,0
2026,1,65+ yr,0,0,1282,110,422,3,0,7,0
2026,2,65+ yr,0,0,748,99,167,1,0,5,0
2026,3,65+ yr,0,0,580,83,87,1,0,5,0
2026,4,65+ yr,0,0,556,88,78,4,0,12,0
2026,5,65+ yr,0,0,557,109,58,3,0,11,0
2026,6,65+ yr,0,0,474,100,56,7,0,12,0
2026,7,65+ yr,0,0,427,99,61,8,0,22,0
2026,8,65+ yr,0,0,279,84,25,8,0,25,0
2026,9,65+ yr,0,0,232,66,24,17,0,26,0
2026,10,65+ yr,0,0,120,46,14,16,0,20,0
2026,11,65+ yr,0,0,89,31,7,6,0,20,0
2026,12,65+ yr,0,0,54,45,5,15,0,17,0
2026,13,65+ yr,0,0,50,38,3,8,0,12,0
2026,14,65+ yr,0,0,30,33,0,7,0,14,0
2026,15,65+ yr,0,0,29,26,3,5,0,8,0
2026,16,65+ yr,0,0,8,18,1,4,0,5,0
2026,17,65+ yr,0,0,6,10,1,3,0,7,0
2026,18,65+ yr,0,0,8,6,0,3,0,3,0
2026,19,65+ yr,0,0,6,10,2,6,0,6,0
2026,20,65+ yr,0,0,4,5,0,2,0,1,0
2026,21,65+ yr,0,0,3,6,1,3,0,2,0
2026,22,65+ yr,0,0,3,9,1,1,0,3,0
2026,23,65+ yr,0,0,0,5,1,0,0,4,0
2026,24,65+ yr,0,0,0,0,1,0,0,0,0
2024,40,0-4 yr,0,0,15,6,5,0,0,0,0
2024,41,0-4 yr,0,0,12,5,7,1,0,0,0
2024,42,0-4 yr,0,0,13,13,4,1,0,0,0
2024,43,0-4 yr,0,0,20,22,5,1,0,0,0
2024,44,0-4 yr,0,0,18,22,4,2,0,0,0
2024,45,0-4 yr,0,0,26,23,4,1,0,0,0
2024,46,0-4 yr,0,0,42,30,7,1,0,1,0
2024,47,0-4 yr,0,0,43,40,6,1,0,2,0
2024,48,0-4 yr,0,0,66,45,5,2,0,3,0
2024,49,0-4 yr,0,0,90,54,8,4,0,4,0
2024,50,0-4 yr,0,0,150,103,17,2,0,3,0
2024,51,0-4 yr,0,0,205,116,22,3,0,2,0
2024,52,0-4 yr,0,0,244,188,39,3,0,5,0
2025,1,0-4 yr,0,0,296,262,86,6,0,5,0
2025,2,0-4 yr,0,0,196,151,61,4,0,2,0
2025,3,0-4 yr,0,0,230,194,113,3,0,3,0
2025,4,0-4 yr,0,0,261,260,199,2,0,6,0
2025,5,0-4 yr,0,0,256,294,255,11,0,6,0
2025,6,0-4 yr,0,0,212,231,212,4,0,10,0
2025,7,0-4 yr,0,0,178,201,99,6,0,9,0
2025,8,0-4 yr,0,0,133,174,38,9,0,8,0
2025,9,0-4 yr,0,0,101,147,40,8,0,12,0
2025,10,0-4 yr,0,0,84,99,50,9,0,9,0
2025,11,0-4 yr,0,0,59,97,57,6,0,17,0
2025,12,0-4 yr,0,0,64,77,26,12,0,14,0
2025,13,0-4 yr,0,0,35,49,5,13,0,6,0
2025,14,0-4 yr,0,0,17,43,5,26,0,8,0
2025,15,0-4 yr,0,0,15,39,3,18,0,10,0
2025,16,0-4 yr,0,0,17,22,0,23,0,12,0
2025,17,0-4 yr,0,0,7,21,2,10,0,14,0
2025,18,0-4 yr,0,0,7,16,3,7,0,14,0
2025,19,0-4 yr,0,0,2,13,0,13,0,8,0
2025,20,0-4 yr,0,0,4,18,0,7,0,5,0
2025,21,0-4 yr,0,0,2,7,1,4,0,1,0
2025,22,0-4 yr,0,0,3,8,0,8,0,4,0
2025,23,0-4 yr,0,0,1,14,1,9,0,3,0
2025,24,0-4 yr,0,0,0,8,1,1,0,1,0
2025,25,0-4 yr,0,0,1,7,0,3,0,1,0
2025,26,0-4 yr,0,0,2,9,0,3,0,0,0
2025,27,0-4 yr,0,0,2,4,0,0,0,0,0
2025,28,0-4 yr,0,0,1,6,0,0,0,0,0
2025,29,0-4 yr,0,0,0,8,0,2,0,0,0
2025,30,0-4 yr,0,0,0,6,0,0,0,0,0
2025,31,0-4 yr,0,0,2,5,0,0,0,0,0
2025,32,0-4 yr,0,0,1,6,0,0,0,0,0
2025,33,0-4 yr,0,0,0,9,0,1,0,1,0
2025,34,0-4 yr,0,0,0,7,0,0,0,0,0
2025,35,0-4 yr,0,0,5,6,0,0,0,0,0
2025,36,0-4 yr,0,0,5,1,0,0,0,0,0
2025,37,0-4 yr,0,0,2,7,0,1,0,0,0
2025,38,0-4 yr,0,0,2,2,0,0,0,0,0
2025,39,0-4 yr,0,0,1,3,0,0,0,0,0
2024,40,5-24 yr,0,0,34,27,10,5,0,0,0
2024,41,5-24 yr,0,0,39,23,12,2,0,0,0
2024,42,5-24 yr,0,0,40,26,4,9,0,0,0
2024,43,5-24 yr,0,0,47,50,7,6,0,2,0
2024,44,5-24 yr,0,0,84,43,13,10,0,1,0
2024,45,5-24 yr,0,0,95,63,12,16,0,3,0
2024,46,5-24 yr,0,0,111,65,11,8,0,3,0
2024,47,5-24 yr,0,0,127,80,21,14,0,7,0
2024,48,5-24 yr,0,0,144,102,13,10,0,9,0
2024,49,5-24 yr,0,0,237,132,23,21,0,9,0
2024,50,5-24 yr,0,0,410,282,49,31,0,11,0
2024,51,5-24 yr,0,0,613,362,70,18,0,16,0
2024,52,5-24 yr,0,0,595,336,98,20,0,22,0
2025,1,5-24 yr,0,0,402,265,120,5,0,21,0
2025,2,5-24 yr,0,0,434,273,126,12,0,23,0
2025,3,5-24 yr,0,0,600,506,231,29,0,26,0
2025,4,5-24 yr,0,0,750,634,335,22,0,32,0
2025,5,5-24 yr,0,0,804,723,566,28,0,68,0
2025,6,5-24 yr,0,0,639,625,490,35,0,76,0
2025,7,5-24 yr,0,0,489,501,228,35,0,82,0
2025,8,5-24 yr,0,0,377,372,82,59,0,62,0
2025,9,5-24 yr,0,0,272,341,105,35,0,59,0
2025,10,5-24 yr,0,0,193,259,124,64,0,66,0
2025,11,5-24 yr,0,0,161,201,132,47,0,92,0
2025,12,5-24 yr,0,0,121,134,64,59,0,78,0
2025,13,5-24 yr,0,0,62,100,22,54,0,73,0
2025,14,5-24 yr,0,0,53,89,9,83,0,92,0
2025,15,5-24 yr,0,0,48,63,10,69,0,93,0
2025,16,5-24 yr,0,0,38,40,3,56,0,90,0
2025,17,5-24 yr,0,0,24,36,5,39,0,78,0
2025,18,5-24 yr,0,0,22,30,2,77,0,56,0
2025,19,5-24 yr,0,0,8,30,0,62,0,54,0
2025,20,5-24 yr,0,0,8,21,3,52,0,31,0
2025,21,5-24 yr,0,0,3,15,3,45,0,17,0
2025,22,5-24 yr,0,0,2,16,0,33,0,17,0
2025,23,5-24 yr,0,0,3,13,0,21,0,18,0
2025,24,5-24 yr,0,0,0,11,0,18,0,7,0
2025,25,5-24 yr,0,0,2,5,2,17,0,6,0
2025,26,5-24 yr,0,0,0,18,0,4,0,5,0
2025,27,5-24 yr,0,0,4,9,0,6,0,0,0
2025,28,5-24 yr,0,0,4,7,0,5,0,0,0
2025,29,5-24 yr,0,0,0,7,0,5,0,2,0
2025,30,5-24 yr,0,0,11,12,1,8,0,1,0
2025,31,5-24 yr,0,0,4,12,0,2,0,1,0
2025,32,5-24 yr,0,0,4,3,0,2,0,1,0
2025,33,5-24 yr,0,0,0,10,0,1,0,0,0
2025,34,5-24 yr,0,0,4,11,0,2,0,1,0
2025,35,5-24 yr,0,0,4,17,3,2,0,0,0
2025,36,5-24 yr,0,0,9,9,0,0,0,1,0
2025,37,5-24 yr,0,0,12,11,1,0,0,0,0
2025,38,5-24 yr,0,0,13,6,1,1,0,1,0
2025,39,5-24 yr,0,0,12,5,2,3,0,4,0
2024,40,25-64 yr,0,0,22,27,6,0,0,0,0
2024,41,25-64 yr,0,0,22,19,11,0,0,0,0
2024,42,25-64 yr,0,0,18,27,5,7,0,0,0
2024,43,25-64 yr,0,0,45,47,5,2,0,0,0
2024,44,25-64 yr,0,0,62,48,6,4,0,1,0
2024,45,25-64 yr,0,0,72,57,8,1,0,0,0
2024,46,25-64 yr,0,0,98,54,20,3,0,3,0
2024,47,25-64 yr,0,0,95,84,14,7,0,4,0
2024,48,25-64 yr,0,0,131,116,13,4,0,3,0
2024,49,25-64 yr,0,0,272,200,23,11,0,10,0
2024,50,25-64 yr,0,0,411,343,55,15,0,17,0
2024,51,25-64 yr,0,0,674,469,108,9,0,6,0
2024,52,25-64 yr,0,0,861,693,162,7,0,15,0
2025,1,25-64 yr,0,0,901,752,305,7,0,24,0
2025,2,25-64 yr,0,0,851,673,263,15,0,11,0
2025,3,25-64 yr,0,0,754,763,350,15,0,21,0
2025,4,25-64 yr,0,0,943,1092,393,17,0,34,0
2025,5,25-64 yr,0,0,1114,1429,707,28,0,41,0
2025,6,25-64 yr,0,0,936,1372,632,22,0,57,0
2025,7,25-64 yr,0,0,728,1082,311,27,0,47,0
2025,8,25-64 yr,0,0,526,954,179,29,0,39,0
2025,9,25-64 yr,0,0,415,760,200,37,0,46,0
2025,10,25-64 yr,0,0,291,567,172,34,0,51,0
2025,11,25-64 yr,0,0,206,456,176,38,0,58,0
2025,12,25-64 yr,0,0,150,374,106,45,0,46,0
2025,13,25-64 yr,0,0,97,257,46,51,0,52,0
2025,14,25-64 yr,0,0,63,179,27,77,0,50,0
2025,15,25-64 yr,0,0,40,132,14,41,0,58,0
2025,16,25-64 yr,0,0,24,97,22,47,0,48,0
2025,17,25-64 yr,0,0,33,84,19,47,0,41,0
2025,18,25-64 yr,0,0,15,47,6,47,0,38,0
2025,19,25-64 yr,0,0,10,58,3,30,0,19,0
2025,20,25-64 yr,0,0,8,48,3,42,0,13,0
2025,21,25-64 yr,0,0,6,22,2,16,0,9,0
2025,22,25-64 yr,0,0,4,30,2,23,0,6,0
2025,23,25-64 yr,0,0,3,34,4,19,0,11,0
2025,24,25-64 yr,0,0,5,34,4,14,0,7,0
2025,25,25-64 yr,0,0,5,19,1,8,0,3,0
2025,26,25-64 yr,0,0,2,29,1,9,0,6,0
2025,27,25-64 yr,0,0,4,16,0,5,0,5,0
2025,28,25-64 yr,0,0,4,16,1,4,0,1,0
2025,29,25-64 yr,0,0,2,21,0,2,0,1,0
2025,30,25-64 yr,0,0,11,17,2,6,0,0,0
2025,31,25-64 yr,0,0,5,13,0,5,0,0,0
2025,32,25-64 yr,0,0,7,15,0,0,0,1,0
2025,33,25-64 yr,0,0,5,11,2,2,0,0,0
2025,34,25-64 yr,0,0,6,29,2,1,0,0,0
2025,35,25-64 yr,0,0,3,16,0,0,0,1,0
2025,36,25-64 yr,0,0,8,15,2,1,0,1,0
2025,37,25-64 yr,0,0,8,13,1,1,0,0,0
2025,38,25-64 yr,0,0,8,16,1,0,0,1,0
2025,39,25-64 yr,0,0,7,15,4,0,0,2,0
2024,40,65+ yr,0,0,11,26,3,0,0,0,0
2024,41,65+ yr,0,0,12,18,0,2,0,0,0
2024,42,65+ yr,0,0,20,16,2,0,0,0,0
2024,43,65+ yr,0,0,17,31,3,1,0,1,0
2024,44,65+ yr,0,0,18,21,6,0,0,0,0
2024,45,65+ yr,0,0,40,23,10,0,0,0,0
2024,46,65+ yr,0,0,42,25,9,0,0,0,0
2024,47,65+ yr,0,0,64,37,9,1,0,0,0
2024,48,65+ yr,0,0,81,51,1,1,0,0,0
2024,49,65+ yr,0,0,122,111,11,0,0,0,0
2024,50,65+ yr,0,0,238,163,24,1,0,0,0
2024,51,65+ yr,0,0,382,297,54,1,0,1,0
2024,52,65+ yr,0,0,652,551,128,1,0,1,0
2025,1,65+ yr,0,0,781,660,250,2,0,1,0
2025,2,65+ yr,0,0,575,527,156,1,0,1,0
2025,3,65+ yr,0,0,468,583,202,2,0,1,0
2025,4,65+ yr,0,0,720,895,221,4,0,6,0
2025,5,65+ yr,0,0,981,1317,428,0,0,1,0
2025,6,65+ yr,0,0,958,1458,438,2,0,3,0
2025,7,65+ yr,0,0,770,1354,244,6,0,8,0
2025,8,65+ yr,0,0,541,1183,166,3,0,1,0
2025,9,65+ yr,0,0,509,920,158,6,0,5,0
2025,10,65+ yr,0,0,304,748,149,8,0,1,0
2025,11,65+ yr,0,0,206,598,164,3,0,4,0
2025,12,65+ yr,0,0,168,473,114,9,0,7,0
2025,13,65+ yr,0,0,87,316,50,6,0,3,0
2025,14,65+ yr,0,0,65,222,20,3,0,8,0
2025,15,65+ yr,0,0,47,140,12,4,0,2,0
2025,16,65+ yr,0,0,35,112,11,7,0,2,0
2025,17,65+ yr,0,0,17,92,9,6,0,3,0
2025,18,65+ yr,0,0,9,47,4,7,0,10,0
2025,19,65+ yr,0,0,2,40,2,5,0,4,0
2025,20,65+ yr,0,0,5,44,3,3,0,3,0
2025,21,65+ yr,0,0,3,25,4,3,0,0,0
2025,22,65+ yr,0,0,3,39,6,2,0,5,0
2025,23,65+ yr,0,0,5,39,6,1,0,1,0
2025,24,65+ yr,0,0,4,34,3,4,0,0,0
2025,25,65+ yr,0,0,3,28,2,1,0,1,0
2025,26,65+ yr,0,0,1,29,0,0,0,1,0
2025,27,65+ yr,0,0,2,25,1,1,0,0,0
2025,28,65+ yr,0,0,2,21,0,1,0,0,0
2025,29,65+ yr,0,0,1,23,0,0,0,0,0
2025,30,65+ yr,0,0,3,15,1,0,0,0,0
2025,31,65+ yr,0,0,2,18,0,0,0,1,0
2025,32,65+ yr,0,0,3,9,1,0,0,0,0
2025,33,65+ yr,0,0,3,10,1,0,0,0,0
2025,34,65+ yr,0,0,3,19,1,0,0,0,0
2025,35,65+ yr,0,0,4,15,0,0,0,0,0
2025,36,65+ yr,0,0,5,20,0,0,0,0,0
2025,37,65+ yr,0,0,5,15,1,0,0,0,0
2025,38,65+ yr,0,0,4,20,2,0,0,0,0
2025,39,65+ yr,0,0,4,18,1,0,0,0,0
2023,40,0-4 yr,0,0,2,13,0,4,0,0,0
2023,41,0-4 yr,0,0,3,18,0,8,0,2,0
2023,42,0-4 yr,0,0,0,24,1,12,0,1,0
2023,43,0-4 yr,0,0,4,16,1,3,0,2,0
2023,44,0-4 yr,0,0,1,29,6,13,0,0,0
2023,45,0-4 yr,0,0,2,59,12,14,0,4,0
2023,46,0-4 yr,0,0,6,44,9,14,0,7,0
2023,47,0-4 yr,0,0,6,53,7,15,0,3,0
2023,48,0-4 yr,0,0,15,57,11,23,0,2,0
2023,49,0-4 yr,0,0,20,76,28,24,0,4,0
2023,50,0-4 yr,0,0,16,86,34,44,0,5,0
2023,51,0-4 yr,0,0,28,85,23,33,0,2,0
2023,52,0-4 yr,0,0,28,138,24,39,0,3,0
2024,1,0-4 yr,0,0,19,102,13,41,0,7,0
2024,2,0-4 yr,0,0,25,90,18,42,0,7,0
2024,3,0-4 yr,0,0,19,74,5,32,0,5,0
2024,4,0-4 yr,0,0,19,73,11,39,0,4,0
2024,5,0-4 yr,0,0,23,59,9,48,0,1,0
2024,6,0-4 yr,0,0,28,58,10,41,0,2,0
2024,7,0-4 yr,0,0,39,50,11,57,0,4,0
2024,8,0-4 yr,0,0,32,49,4,47,0,4,0
2024,9,0-4 yr,0,0,28,40,8,55,0,1,0
2024,10,0-4 yr,0,0,30,26,10,66,0,2,0
2024,11,0-4 yr,0,0,23,25,4,46,0,2,0
2024,12,0-4 yr,0,0,36,25,4,35,0,5,0
2024,13,0-4 yr,0,0,24,15,4,28,0,2,0
2024,14,0-4 yr,0,0,31,16,2,29,0,3,0
2024,15,0-4 yr,0,0,25,13,3,33,0,0,0
2024,16,0-4 yr,0,0,22,13,0,24,0,2,0
2024,17,0-4 yr,0,0,14,10,3,10,0,1,0
2024,18,0-4 yr,0,0,15,8,3,8,0,0,0
2024,19,0-4 yr,0,0,13,7,0,4,0,2,0
2024,20,0-4 yr,0,0,9,6,0,3,0,0,0
2024,21,0-4 yr,0,0,12,3,0,3,0,0,0
2024,22,0-4 yr,0,0,7,7,1,5,0,0,0
2024,23,0-4 yr,0,0,12,5,0,5,0,1,0
2024,24,0-4 yr,0,0,7,4,0,2,0,0,0
2024,25,0-4 yr,0,0,9,2,0,2,0,1,0
2024,26,0-4 yr,0,0,9,8,0,2,0,0,0
2024,27,0-4 yr,0,0,10,2,1,1,0,0,0
2024,28,0-4 yr,0,0,10,6,2,0,0,0,1
2024,29,0-4 yr,0,0,4,6,1,0,0,0,0
2024,30,0-4 yr,0,0,7,3,1,0,0,0,0
2024,31,0-4 yr,0,0,12,4,0,0,0,0,0
2024,32,0-4 yr,0,0,11,10,0,1,0,0,0
2024,33,0-4 yr,0,0,4,9,0,0,0,0,0
2024,34,0-4 yr,0,0,11,6,1,0,0,0,0
2024,35,0-4 yr,0,0,15,4,0,0,0,0,0
2024,36,0-4 yr,0,0,5,6,0,0,0,0,1
2024,37,0-4 yr,0,0,7,10,0,1,0,0,0
2024,38,0-4 yr,0,0,12,5,2,1,0,0,0
2024,39,0-4 yr,0,0,8,13,1,2,0,0,0
2023,40,5-24 yr,0,0,4,67,3,25,0,1,0
2023,41,5-24 yr,0,0,5,71,2,36,0,2,0
2023,42,5-24 yr,0,0,8,95,7,40,0,6,0
2023,43,5-24 yr,0,0,10,77,22,43,0,7,0
2023,44,5-24 yr,0,0,14,94,22,53,0,8,0
2023,45,5-24 yr,0,0,23,151,44,67,0,11,0
2023,46,5-24 yr,0,0,44,131,51,70,0,20,0
2023,47,5-24 yr,0,0,40,159,45,65,0,11,0
2023,48,5-24 yr,0,0,53,162,35,107,0,8,0
2023,49,5-24 yr,0,0,97,286,75,143,0,26,0
2023,50,5-24 yr,0,0,103,285,153,150,0,43,0
2023,51,5-24 yr,0,0,82,298,91,138,0,19,0
2023,52,5-24 yr,0,0,66,202,55,104,0,6,0
2024,1,5-24 yr,0,0,50,165,41,117,0,12,0
2024,2,5-24 yr,0,0,63,191,48,108,0,26,0
2024,3,5-24 yr,0,0,68,173,36,99,0,15,0
2024,4,5-24 yr,0,0,109,185,39,136,0,19,0
2024,5,5-24 yr,0,0,120,156,23,196,0,22,0
2024,6,5-24 yr,0,0,119,155,37,237,0,28,0
2024,7,5-24 yr,0,0,129,118,38,224,0,27,0
2024,8,5-24 yr,0,0,123,100,50,242,0,32,0
2024,9,5-24 yr,0,0,97,94,26,224,0,25,0
2024,10,5-24 yr,0,0,102,75,29,225,0,19,0
2024,11,5-24 yr,0,0,90,57,15,189,0,10,0
2024,12,5-24 yr,0,0,73,54,15,139,0,8,0
2024,13,5-24 yr,0,0,48,33,11,117,0,11,0
2024,14,5-24 yr,0,0,55,38,5,100,0,10,0
2024,15,5-24 yr,0,0,52,36,4,101,0,9,0
2024,16,5-24 yr,0,0,42,31,7,68,0,6,0
2024,17,5-24 yr,0,0,29,21,2,64,0,6,0
2024,18,5-24 yr,0,0,38,24,7,43,0,6,0
2024,19,5-24 yr,0,0,15,14,6,44,0,7,0
2024,20,5-24 yr,0,0,22,6,4,22,0,1,0
2024,21,5-24 yr,0,0,36,7,3,19,0,1,0
2024,22,5-24 yr,0,0,27,10,2,20,0,2,0
2024,23,5-24 yr,0,0,30,14,1,14,0,0,0
2024,24,5-24 yr,0,0,35,12,2,5,0,0,0
2024,25,5-24 yr,0,0,12,5,1,9,0,2,0
2024,26,5-24 yr,0,0,21,13,2,6,0,0,0
2024,27,5-24 yr,0,0,28,13,1,2,0,1,0
2024,28,5-24 yr,0,0,14,14,1,3,0,0,0
2024,29,5-24 yr,0,0,16,9,2,1,0,1,0
2024,30,5-24 yr,0,0,23,10,0,7,0,0,0
2024,31,5-24 yr,0,0,28,16,1,1,0,0,0
2024,32,5-24 yr,0,0,26,17,3,3,0,0,0
2024,33,5-24 yr,0,0,14,15,0,0,0,0,0
2024,34,5-24 yr,0,0,22,11,0,3,0,0,0
2024,35,5-24 yr,0,0,28,11,2,1,0,0,0
2024,36,5-24 yr,0,0,17,21,0,1,0,0,1
2024,37,5-24 yr,0,0,13,20,1,2,0,1,0
2024,38,5-24 yr,0,0,27,13,1,0,0,0,0
2024,39,5-24 yr,0,0,49,20,5,3,0,0,0
2023,40,25-64 yr,0,0,5,58,5,17,0,0,0
2023,41,25-64 yr,0,0,6,85,7,20,0,1,0
2023,42,25-64 yr,0,0,15,94,20,17,0,4,0
2023,43,25-64 yr,0,0,11,82,17,13,0,3,0
2023,44,25-64 yr,0,0,18,88,24,19,0,3,0
2023,45,25-64 yr,0,0,25,148,35,37,0,8,0
2023,46,25-64 yr,0,0,26,171,66,49,0,12,0
2023,47,25-64 yr,0,0,49,193,68,53,0,10,0
2023,48,25-64 yr,0,0,45,283,79,83,0,11,0
2023,49,25-64 yr,0,0,78,324,107,75,0,19,0
2023,50,25-64 yr,0,0,98,380,161,92,0,26,0
2023,51,25-64 yr,0,0,118,520,115,91,0,15,0
2023,52,25-64 yr,0,0,115,483,120,87,0,11,0
2024,1,25-64 yr,0,0,129,422,110,134,0,32,0
2024,2,25-64 yr,0,0,142,342,123,89,0,23,0
2024,3,25-64 yr,0,0,109,293,87,68,0,22,0
2024,4,25-64 yr,0,0,163,303,89,102,0,24,0
2024,5,25-64 yr,0,0,139,245,79,123,0,23,0
2024,6,25-64 yr,0,0,177,198,75,138,0,25,0
2024,7,25-64 yr,0,0,159,188,62,146,0,12,0
2024,8,25-64 yr,0,0,173,189,67,172,0,23,0
2024,9,25-64 yr,0,0,162,158,64,144,0,19,0
2024,10,25-64 yr,0,0,129,134,44,153,0,14,0
2024,11,25-64 yr,0,0,122,101,40,131,0,15,0
2024,12,25-64 yr,0,0,108,91,33,122,0,13,0
2024,13,25-64 yr,0,0,115,90,24,102,0,12,0
2024,14,25-64 yr,0,0,113,63,18,104,0,15,0
2024,15,25-64 yr,0,0,95,58,17,97,0,4,0
2024,16,25-64 yr,0,0,73,43,11,72,0,8,0
2024,17,25-64 yr,0,0,52,33,8,56,0,10,0
2024,18,25-64 yr,0,0,46,35,6,38,0,5,0
2024,19,25-64 yr,0,0,41,20,4,27,0,4,0
2024,20,25-64 yr,0,0,34,16,5,18,0,1,0
2024,21,25-64 yr,0,0,30,18,6,8,0,0,0
2024,22,25-64 yr,0,0,27,17,5,24,0,2,0
2024,23,25-64 yr,0,0,35,19,3,19,0,2,0
2024,24,25-64 yr,0,0,35,22,3,8,0,1,0
2024,25,25-64 yr,0,0,47,34,7,10,0,1,0
2024,26,25-64 yr,0,0,56,36,4,19,0,0,0
2024,27,25-64 yr,0,0,45,23,8,5,0,0,0
2024,28,25-64 yr,0,0,31,22,8,3,0,1,0
2024,29,25-64 yr,0,0,12,17,4,2,0,0,0
2024,30,25-64 yr,0,0,29,18,3,4,0,0,0
2024,31,25-64 yr,0,0,24,30,2,1,0,0,0
2024,32,25-64 yr,0,0,25,29,2,0,0,0,0
2024,33,25-64 yr,0,0,30,26,0,0,0,0,0
2024,34,25-64 yr,0,0,21,19,1,1,0,0,0
2024,35,25-64 yr,0,0,21,29,1,2,0,0,0
2024,36,25-64 yr,0,0,23,12,1,3,0,0,0
2024,37,25-64 yr,0,0,27,32,3,2,0,0,0
2024,38,25-64 yr,0,0,18,38,6,1,0,0,0
2024,39,25-64 yr,0,0,21,34,3,1,0,1,0
2023,40,65+ yr,0,0,5,30,1,0,0,1,0
2023,41,65+ yr,0,0,4,24,3,0,0,0,0
2023,42,65+ yr,0,0,3,40,6,1,0,0,0
2023,43,65+ yr,0,0,7,36,7,0,0,0,0
2023,44,65+ yr,0,0,6,59,7,1,0,0,0
2023,45,65+ yr,0,0,6,71,16,1,0,1,0
2023,46,65+ yr,0,0,14,60,17,1,0,1,0
2023,47,65+ yr,0,0,17,104,18,2,0,0,0
2023,48,65+ yr,0,0,53,124,45,3,0,1,0
2023,49,65+ yr,0,0,55,166,28,8,0,1,0
2023,50,65+ yr,0,0,53,179,48,3,0,1,0
2023,51,65+ yr,0,0,90,241,43,5,0,1,0
2023,52,65+ yr,0,0,90,325,47,6,0,0,0
2024,1,65+ yr,0,0,103,317,56,12,0,4,0
2024,2,65+ yr,0,0,91,253,47,6,0,2,0
2024,3,65+ yr,0,0,89,202,32,5,0,1,0
2024,4,65+ yr,0,0,94,169,48,5,0,3,0
2024,5,65+ yr,0,0,95,177,24,13,0,4,0
2024,6,65+ yr,0,0,95,161,43,7,0,0,0
2024,7,65+ yr,0,0,96,140,36,7,0,1,0
2024,8,65+ yr,0,0,101,144,46,13,0,1,0
2024,9,65+ yr,0,0,101,157,39,16,0,0,0
2024,10,65+ yr,0,0,145,121,36,15,0,0,0
2024,11,65+ yr,0,0,107,84,36,22,0,3,0
2024,12,65+ yr,0,0,95,69,29,11,0,0,0
2024,13,65+ yr,0,0,89,73,25,10,0,1,0
2024,14,65+ yr,0,0,80,58,18,13,0,2,0
2024,15,65+ yr,0,0,82,65,11,9,0,1,0
2024,16,65+ yr,0,0,70,31,16,8,0,0,0
2024,17,65+ yr,0,0,46,30,12,3,0,0,0
2024,18,65+ yr,0,0,27,26,1,5,0,0,0
2024,19,65+ yr,0,0,27,12,3,2,0,0,0
2024,20,65+ yr,0,0,16,14,4,0,0,0,0
2024,21,65+ yr,0,0,27,14,2,0,0,0,0
2024,22,65+ yr,0,0,30,18,2,2,0,1,0
2024,23,65+ yr,0,0,37,16,2,4,0,0,0
2024,24,65+ yr,0,0,20,21,1,0,0,0,0
2024,25,65+ yr,0,0,21,20,4,0,0,1,0
2024,26,65+ yr,0,0,27,10,5,3,0,0,0
2024,27,65+ yr,0,0,23,15,3,0,0,0,0
2024,28,65+ yr,0,0,12,14,0,0,0,0,0
2024,29,65+ yr,0,0,23,11,2,1,0,0,0
2024,30,65+ yr,0,0,21,9,1,0,0,0,0
2024,31,65+ yr,0,0,14,16,3,0,0,0,0
2024,32,65+ yr,0,0,20,23,1,0,0,0,0
2024,33,65+ yr,0,0,13,17,0,0,0,0,0
2024,34,65+ yr,0,0,10,13,2,0,0,0,0
2024,35,65+ yr,0,0,23,13,1,0,0,0,0
2024,36,65+ yr,0,0,13,22,3,0,0,0,0
2024,37,65+ yr,0,0,16,16,0,0,0,0,0
2024,38,65+ yr,0,0,17,29,2,1,0,0,0
2024,39,65+ yr,0,0,11,26,2,0,0,0,0
2022,40,0-4 yr,0,0,22,4,1,1,0,2,0
2022,41,0-4 yr,0,0,35,12,2,1,0,0,0
2022,42,0-4 yr,0,0,35,10,1,4,0,2,1
2022,43,0-4 yr,0,0,63,18,3,2,0,0,0
2022,44,0-4 yr,0,0,78,30,15,1,0,2,0
2022,45,0-4 yr,0,0,96,26,17,1,0,0,0
2022,46,0-4 yr,0,0,147,39,33,0,0,1,0
2022,47,0-4 yr,0,0,191,34,24,0,0,0,0
2022,48,0-4 yr,0,0,199,56,59,0,0,0,0
2022,49,0-4 yr,0,0,160,47,37,2,0,0,0
2022,50,0-4 yr,0,0,156,44,49,3,0,1,0
2022,51,0-4 yr,0,0,97,44,44,1,0,0,0
2022,52,0-4 yr,0,0,98,40,24,2,0,0,0
2023,1,0-4 yr,0,0,61,41,14,1,0,1,0
2023,2,0-4 yr,0,0,43,26,10,0,0,0,0
2023,3,0-4 yr,0,0,26,14,2,0,0,0,0
2023,4,0-4 yr,0,0,14,10,4,1,0,0,0
2023,5,0-4 yr,0,0,13,8,2,2,0,0,0
2023,6,0-4 yr,0,0,8,15,3,1,0,0,0
2023,7,0-4 yr,0,0,8,8,1,2,0,1,0
2023,8,0-4 yr,0,0,10,7,1,3,0,1,0
2023,9,0-4 yr,0,0,4,4,1,1,0,0,0
2023,10,0-4 yr,0,0,7,6,1,2,0,1,0
2023,11,0-4 yr,0,0,2,5,0,4,0,0,0
2023,12,0-4 yr,0,0,4,10,1,1,0,1,0
2023,13,0-4 yr,0,0,1,6,1,4,0,0,0
2023,14,0-4 yr,0,0,1,6,2,5,0,1,0
2023,15,0-4 yr,0,0,1,7,1,6,0,0,0
2023,16,0-4 yr,0,0,0,6,0,11,0,1,0
2023,17,0-4 yr,0,0,0,3,0,7,0,1,0
2023,18,0-4 yr,0,0,0,4,0,7,0,1,0
2023,19,0-4 yr,0,0,0,6,0,9,0,2,0
2023,20,0-4 yr,0,0,0,2,0,4,0,0,0
2023,21,0-4 yr,0,0,0,1,0,7,0,0,0
2023,22,0-4 yr,0,0,0,3,1,7,0,3,0
2023,23,0-4 yr,0,0,2,4,1,11,0,2,0
2023,24,0-4 yr,0,0,1,2,1,9,0,3,0
2023,25,0-4 yr,0,0,0,3,0,8,0,1,0
2023,26,0-4 yr,0,0,0,7,0,9,0,0,0
2023,27,0-4 yr,0,0,0,8,0,8,0,1,0
2023,28,0-4 yr,0,0,0,4,1,5,0,0,0
2023,29,0-4 yr,0,0,1,1,0,1,0,0,0
2023,30,0-4 yr,0,0,0,3,0,6,0,0,0
2023,31,0-4 yr,0,0,1,4,0,3,0,0,0
2023,32,0-4 yr,0,0,1,2,1,8,0,0,0
2023,33,0-4 yr,0,0,0,4,0,3,0,0,0
2023,34,0-4 yr,0,0,1,8,0,6,0,0,0
2023,35,0-4 yr,0,0,0,7,0,1,0,0,0
2023,36,0-4 yr,0,0,3,7,1,6,0,0,0
2023,37,0-4 yr,0,0,2,6,1,2,0,0,0
2023,38,0-4 yr,0,0,1,7,0,4,0,0,0
2023,39,0-4 yr,0,0,1,13,0,3,0,0,0
2022,40,5-24 yr,0,0,120,17,6,1,0,0,0
2022,41,5-24 yr,0,0,137,27,10,1,0,1,0
2022,42,5-24 yr,0,0,204,55,14,1,0,1,0
2022,43,5-24 yr,0,0,332,102,24,0,0,1,0
2022,44,5-24 yr,0,0,388,145,104,3,0,1,0
2022,45,5-24 yr,0,0,570,138,97,0,0,1,0
2022,46,5-24 yr,0,0,638,165,196,0,0,0,0
2022,47,5-24 yr,0,0,618,124,169,1,0,0,0
2022,48,5-24 yr,0,0,566,142,283,1,0,1,0
2022,49,5-24 yr,0,0,687,162,267,1,0,1,0
2022,50,5-24 yr,0,0,572,140,219,1,0,0,0
2022,51,5-24 yr,0,0,300,119,163,2,0,1,0
2022,52,5-24 yr,0,0,156,60,60,2,0,0,0
2023,1,5-24 yr,0,0,112,52,57,2,0,1,0
2023,2,5-24 yr,0,0,79,48,20,6,0,0,0
2023,3,5-24 yr,0,0,50,44,14,6,0,2,0
2023,4,5-24 yr,0,0,36,24,4,5,0,0,0
2023,5,5-24 yr,0,0,44,26,7,7,0,0,0
2023,6,5-24 yr,0,0,28,25,4,11,0,2,0
2023,7,5-24 yr,0,0,22,23,4,12,0,0,0
2023,8,5-24 yr,0,0,7,17,6,5,0,0,0
2023,9,5-24 yr,0,0,10,20,3,11,0,3,0
2023,10,5-24 yr,0,0,10,15,6,7,0,6,0
2023,11,5-24 yr,0,0,9,12,3,9,0,3,0
2023,12,5-24 yr,0,0,12,19,5,20,0,6,0
2023,13,5-24 yr,0,0,8,18,5,20,0,1,0
2023,14,5-24 yr,0,0,6,21,2,18,0,7,0
2023,15,5-24 yr,0,0,1,11,3,15,0,4,0
2023,16,5-24 yr,0,0,0,10,0,16,0,5,0
2023,17,5-24 yr,0,0,2,13,1,24,0,4,0
2023,18,5-24 yr,0,0,3,10,0,28,0,3,0
2023,19,5-24 yr,0,0,1,16,0,35,0,2,0
2023,20,5-24 yr,0,0,0,10,0,23,0,4,0
2023,21,5-24 yr,0,0,0,7,0,23,0,11,0
2023,22,5-24 yr,0,0,0,7,0,16,0,1,0
2023,23,5-24 yr,0,0,0,12,0,26,0,4,0
2023,24,5-24 yr,0,0,0,10,1,13,0,4,0
2023,25,5-24 yr,0,0,3,11,1,7,0,2,0
2023,26,5-24 yr,0,0,14,10,2,16,0,0,0
2023,27,5-24 yr,0,0,0,7,0,9,0,1,0
2023,28,5-24 yr,0,0,1,9,1,8,0,0,0
2023,29,5-24 yr,0,0,2,8,0,6,0,0,1
2023,30,5-24 yr,0,0,1,7,0,6,0,0,0
2023,31,5-24 yr,0,0,2,15,3,10,0,0,0
2023,32,5-24 yr,0,0,1,6,0,9,0,1,0
2023,33,5-24 yr,0,0,3,10,1,5,0,0,0
2023,34,5-24 yr,0,0,2,15,0,10,0,6,0
2023,35,5-24 yr,0,0,3,13,1,5,0,2,0
2023,36,5-24 yr,0,0,3,24,5,8,0,2,0
2023,37,5-24 yr,0,0,4,16,3,14,0,0,0
2023,38,5-24 yr,0,0,4,20,0,9,0,0,0
2023,39,5-24 yr,0,0,0,31,0,14,0,1,0
2022,40,25-64 yr,0,0,41,11,11,2,0,0,0
2022,41,25-64 yr,0,0,87,20,9,2,0,2,0
2022,42,25-64 yr,0,0,90,33,14,1,0,1,0
2022,43,25-64 yr,0,0,131,84,23,1,0,1,0
2022,44,25-64 yr,0,0,203,99,41,1,0,1,0
2022,45,25-64 yr,0,0,277,112,61,1,0,0,0
2022,46,25-64 yr,0,0,365,169,89,2,0,0,0
2022,47,25-64 yr,0,0,441,194,135,1,0,1,0
2022,48,25-64 yr,0,0,616,284,229,2,0,0,0
2022,49,25-64 yr,0,0,509,198,202,0,0,1,0
2022,50,25-64 yr,0,0,467,224,221,0,0,0,0
2022,51,25-64 yr,0,0,380,155,198,1,0,2,0
2022,52,25-64 yr,0,0,264,187,130,2,0,0,0
2023,1,25-64 yr,0,0,217,168,100,6,0,0,0
2023,2,25-64 yr,0,0,96,69,34,7,0,1,0
2023,3,25-64 yr,0,0,83,90,29,3,0,0,0
2023,4,25-64 yr,0,0,54,53,20,4,0,0,0
2023,5,25-64 yr,0,0,29,49,10,9,0,2,0
2023,6,25-64 yr,0,0,27,58,11,8,0,2,0
2023,7,25-64 yr,0,0,15,32,4,11,0,2,0
2023,8,25-64 yr,0,0,17,27,5,6,0,2,0
2023,9,25-64 yr,0,0,15,30,4,13,0,5,0
2023,10,25-64 yr,0,0,12,33,5,12,0,3,0
2023,11,25-64 yr,0,0,8,24,3,11,0,6,0
2023,12,25-64 yr,0,0,12,23,2,12,0,6,0
2023,13,25-64 yr,0,0,5,16,9,14,0,6,0
2023,14,25-64 yr,0,0,4,20,4,14,0,3,0
2023,15,25-64 yr,0,0,4,18,4,16,0,5,0
2023,16,25-64 yr,0,0,5,9,1,18,0,9,0
2023,17,25-64 yr,0,0,2,15,1,17,0,5,0
2023,18,25-64 yr,0,0,0,16,1,18,0,6,0
2023,19,25-64 yr,0,0,2,13,2,22,0,4,0
2023,20,25-64 yr,0,0,2,18,0,31,0,5,0
2023,21,25-64 yr,0,0,1,17,4,10,0,4,0
2023,22,25-64 yr,0,0,1,25,2,14,0,3,0
2023,23,25-64 yr,0,0,2,32,1,20,0,5,0
2023,24,25-64 yr,0,0,1,32,3,20,0,0,0
2023,25,25-64 yr,0,0,0,27,3,19,0,3,0
2023,26,25-64 yr,0,0,0,24,1,26,0,2,0
2023,27,25-64 yr,0,0,0,20,2,14,0,1,0
2023,28,25-64 yr,0,0,2,25,2,11,0,0,0
2023,29,25-64 yr,0,0,4,30,0,9,0,2,0
2023,30,25-64 yr,0,0,0,18,0,16,0,1,0
2023,31,25-64 yr,0,0,1,20,2,8,0,1,0
2023,32,25-64 yr,0,0,0,14,6,12,0,1,0
2023,33,25-64 yr,0,0,1,16,3,10,0,1,0
2023,34,25-64 yr,0,0,4,20,3,6,0,2,0
2023,35,25-64 yr,0,0,5,18,6,3,0,0,0
2023,36,25-64 yr,0,0,1,14,13,8,0,4,0
2023,37,25-64 yr,0,0,3,20,2,5,0,0,0
2023,38,25-64 yr,0,0,3,30,2,21,0,1,0
2023,39,25-64 yr,0,0,3,47,4,6,0,1,0
2022,40,65+ yr,0,0,14,6,0,0,0,0,0
2022,41,65+ yr,0,0,34,6,1,0,0,0,0
2022,42,65+ yr,0,0,57,10,3,0,0,0,0
2022,43,65+ yr,0,0,64,22,1,0,0,0,0
2022,44,65+ yr,0,0,96,34,9,0,0,0,0
2022,45,65+ yr,0,0,134,41,17,0,0,0,0
2022,46,65+ yr,0,0,187,52,18,0,0,2,0
2022,47,65+ yr,0,0,314,99,26,0,0,0,0
2022,48,65+ yr,0,0,487,145,55,0,0,0,0
2022,49,65+ yr,0,0,429,111,64,1,0,0,0
2022,50,65+ yr,0,0,365,109,53,0,0,0,0
2022,51,65+ yr,0,0,271,113,64,1,0,0,0
2022,52,65+ yr,0,0,286,139,47,1,0,0,0
2023,1,65+ yr,0,0,246,111,46,0,0,0,0
2023,2,65+ yr,0,0,86,63,23,0,0,0,0
2023,3,65+ yr,0,0,41,45,16,2,0,0,0
2023,4,65+ yr,0,0,32,29,9,0,0,0,0
2023,5,65+ yr,0,0,20,30,3,0,0,0,0
2023,6,65+ yr,0,0,22,22,3,0,0,0,0
2023,7,65+ yr,0,0,10,16,3,1,0,0,0
2023,8,65+ yr,0,0,8,6,2,0,0,1,0
2023,9,65+ yr,0,0,12,14,1,1,0,0,0
2023,10,65+ yr,0,0,9,13,0,0,0,0,0
2023,11,65+ yr,0,0,4,8,1,0,0,0,0
2023,12,65+ yr,0,0,1,7,1,0,0,1,0
2023,13,65+ yr,0,0,3,14,0,1,0,0,0
2023,14,65+ yr,0,0,3,10,3,0,0,1,0
2023,15,65+ yr,0,0,0,8,1,0,0,0,0
2023,16,65+ yr,0,0,0,5,1,0,0,0,0
2023,17,65+ yr,0,0,2,4,0,0,0,0,0
2023,18,65+ yr,0,0,1,6,0,0,0,0,0
2023,19,65+ yr,0,0,0,7,0,0,0,0,0
2023,20,65+ yr,0,0,0,15,2,1,0,0,0
2023,21,65+ yr,0,0,1,10,1,2,0,0,0
2023,22,65+ yr,0,0,0,17,2,2,0,0,0
2023,23,65+ yr,0,0,1,15,0,0,0,0,0
2023,24,65+ yr,0,0,0,13,1,0,0,0,0
2023,25,65+ yr,0,0,1,20,0,1,0,0,0
2023,26,65+ yr,0,0,2,16,2,1,0,0,0
2023,27,65+ yr,0,0,0,15,0,0,0,0,0
2023,28,65+ yr,0,0,0,15,2,0,0,1,0
2023,29,65+ yr,0,0,0,17,0,0,0,0,0
2023,30,65+ yr,0,0,1,11,1,0,0,0,0
2023,31,65+ yr,0,0,1,22,1,1,0,0,0
2023,32,65+ yr,0,0,2,15,1,0,0,0,0
2023,33,65+ yr,0,0,5,12,2,0,0,0,0
2023,34,65+ yr,0,0,2,11,1,0,0,0,0
2023,35,65+ yr,0,0,1,13,1,0,0,1,0
2023,36,65+ yr,0,0,1,15,0,0,0,0,0
2023,37,65+ yr,0,0,0,9,2,0,0,0,0
2023,38,65+ yr,0,0,1,17,0,0,0,0,0
2023,39,65+ yr,0,0,5,19,2,1,0,0,0
2021,40,0-4 yr,0,0,2,1,0,0,0,1,0
2021,41,0-4 yr,0,0,1,0,0,0,0,2,0
2021,42,0-4 yr,0,0,1,0,0,0,0,0,0
2021,43,0-4 yr,0,0,2,0,0,0,0,0,0
2021,44,0-4 yr,0,0,4,0,1,0,0,1,0
2021,45,0-4 yr,0,0,10,0,2,0,0,2,0
2021,46,0-4 yr,0,0,13,1,1,0,1,1,0
2021,47,0-4 yr,0,0,32,0,1,0,0,1,0
2021,48,0-4 yr,0,0,60,0,6,1,0,0,0
2021,49,0-4 yr,0,0,63,0,3,0,0,0,0
2021,50,0-4 yr,0,0,88,0,6,0,0,1,0
2021,51,0-4 yr,0,0,94,0,12,0,0,0,0
2021,52,0-4 yr,0,0,87,0,29,0,0,0,0
2022,1,0-4 yr,0,0,78,0,28,0,0,1,0
2022,2,0-4 yr,0,0,73,0,37,0,0,0,0
2022,3,0-4 yr,0,0,70,0,8,0,0,0,0
2022,4,0-4 yr,0,0,55,0,15,0,0,2,0
2022,5,0-4 yr,0,0,45,0,5,0,0,0,0
2022,6,0-4 yr,0,0,65,0,3,0,0,0,0
2022,7,0-4 yr,0,0,47,0,5,1,0,0,0
2022,8,0-4 yr,0,0,34,0,6,0,0,1,0
2022,9,0-4 yr,0,0,43,1,5,1,0,0,0
2022,10,0-4 yr,0,0,42,0,2,1,0,0,0
2022,11,0-4 yr,0,0,29,0,3,0,0,0,0
2022,12,0-4 yr,0,0,48,0,4,0,0,0,0
2022,13,0-4 yr,0,0,57,0,5,0,0,0,0
2022,14,0-4 yr,0,0,42,0,3,0,0,0,0
2022,15,0-4 yr,0,0,60,0,11,0,0,0,0
2022,16,0-4 yr,0,0,82,1,8,0,0,0,0
2022,17,0-4 yr,0,0,66,1,5,0,0,0,0
2022,18,0-4 yr,0,0,68,1,6,0,0,0,0
2022,19,0-4 yr,0,0,77,0,13,0,0,0,0
2022,20,0-4 yr,0,0,75,0,10,0,0,0,0
2022,21,0-4 yr,0,0,82,0,8,0,0,0,0
2022,22,0-4 yr,0,0,82,0,10,0,0,0,0
2022,23,0-4 yr,0,0,50,0,8,0,0,0,0
2022,24,0-4 yr,0,0,56,0,3,0,0,0,0
2022,25,0-4 yr,0,0,32,0,5,0,0,0,0
2022,26,0-4 yr,0,0,13,0,2,0,0,0,0
2022,27,0-4 yr,0,0,15,0,2,0,0,0,0
2022,28,0-4 yr,0,0,17,0,2,0,0,0,0
2022,29,0-4 yr,0,0,6,0,0,0,0,0,0
2022,30,0-4 yr,0,0,3,0,0,0,0,0,0
2022,31,0-4 yr,0,0,2,0,0,0,0,0,1
2022,32,0-4 yr,0,0,11,0,1,0,0,0,0
2022,33,0-4 yr,0,0,7,1,1,0,0,0,0
2022,34,0-4 yr,0,0,12,1,0,0,0,0,0
2022,35,0-4 yr,0,0,10,0,1,0,0,0,0
2022,36,0-4 yr,0,0,18,1,0,0,0,0,0
2022,37,0-4 yr,0,0,11,2,0,0,0,0,0
2022,38,0-4 yr,0,0,11,0,1,1,0,1,0
2022,39,0-4 yr,0,0,23,0,2,0,0,1,0
2021,40,5-24 yr,0,0,84,0,2,3,0,2,0
2021,41,5-24 yr,0,0,87,0,1,1,0,4,1
2021,42,5-24 yr,0,0,44,0,0,2,0,2,0
2021,43,5-24 yr,0,0,40,0,2,2,0,1,0
2021,44,5-24 yr,0,0,162,0,4,2,0,0,0
2021,45,5-24 yr,0,0,151,0,22,1,0,1,0
2021,46,5-24 yr,0,0,333,1,47,2,0,3,0
2021,47,5-24 yr,0,0,344,0,32,1,0,2,0
2021,48,5-24 yr,0,0,465,1,79,1,0,0,0
2021,49,5-24 yr,0,0,581,0,160,2,0,1,0
2021,50,5-24 yr,0,0,608,0,182,0,0,3,0
2021,51,5-24 yr,0,0,454,0,126,0,0,1,0
2021,52,5-24 yr,0,0,350,0,182,0,0,2,0
2022,1,5-24 yr,0,0,277,0,125,0,0,1,0
2022,2,5-24 yr,0,0,281,0,167,0,0,0,0
2022,3,5-24 yr,0,0,251,0,107,0,0,0,0
2022,4,5-24 yr,0,0,192,0,97,2,0,0,0
2022,5,5-24 yr,0,0,202,0,58,1,0,0,0
2022,6,5-24 yr,0,0,265,0,87,0,0,0,0
2022,7,5-24 yr,0,0,200,0,66,0,0,1,0
2022,8,5-24 yr,0,0,156,0,39,0,0,0,0
2022,9,5-24 yr,0,0,206,0,52,0,0,0,0
2022,10,5-24 yr,0,0,200,0,58,0,0,0,0
2022,11,5-24 yr,0,0,198,1,49,0,0,0,0
2022,12,5-24 yr,0,0,266,0,30,0,0,0,0
2022,13,5-24 yr,0,0,292,0,38,1,0,1,0
2022,14,5-24 yr,0,0,264,0,38,1,0,1,0
2022,15,5-24 yr,0,0,275,0,46,0,0,1,0
2022,16,5-24 yr,0,0,290,2,54,0,0,0,0
2022,17,5-24 yr,0,0,289,0,25,0,0,0,0
2022,18,5-24 yr,0,0,355,1,29,0,0,0,0
2022,19,5-24 yr,0,0,283,1,77,0,0,1,0
2022,20,5-24 yr,0,0,271,1,67,0,0,0,0
2022,21,5-24 yr,0,0,221,1,49,0,0,0,0
2022,22,5-24 yr,0,0,183,1,27,0,0,0,0
2022,23,5-24 yr,0,0,119,0,20,0,0,0,0
2022,24,5-24 yr,0,0,113,0,18,0,0,0,0
2022,25,5-24 yr,0,0,70,0,8,0,0,0,0
2022,26,5-24 yr,0,0,32,1,9,0,0,0,0
2022,27,5-24 yr,0,0,30,0,5,0,0,0,0
2022,28,5-24 yr,0,0,27,0,1,0,0,0,0
2022,29,5-24 yr,0,0,17,1,1,0,0,1,0
2022,30,5-24 yr,0,0,14,0,5,0,0,1,0
2022,31,5-24 yr,0,0,19,2,7,0,0,1,2
2022,32,5-24 yr,0,0,39,1,3,0,0,0,0
2022,33,5-24 yr,0,0,25,3,0,1,0,0,0
2022,34,5-24 yr,0,0,31,6,2,1,0,0,0
2022,35,5-24 yr,0,0,40,2,2,0,0,0,0
2022,36,5-24 yr,0,0,34,4,3,0,0,0,1
2022,37,5-24 yr,0,0,39,2,1,0,0,0,0
2022,38,5-24 yr,0,0,79,14,5,0,0,1,0
2022,39,5-24 yr,0,0,60,12,6,0,0,0,0
2021,40,25-64 yr,0,0,0,0,1,0,0,1,0
2021,41,25-64 yr,0,0,2,0,0,0,0,1,0
2021,42,25-64 yr,0,0,1,0,2,1,0,1,0
2021,43,25-64 yr,0,0,4,0,3,5,0,0,0
2021,44,25-64 yr,0,0,14,0,4,2,0,0,0
2021,45,25-64 yr,0,0,40,0,19,0,0,0,0
2021,46,25-64 yr,0,0,81,0,18,2,0,1,0
2021,47,25-64 yr,0,0,101,1,24,1,0,1,0
2021,48,25-64 yr,0,0,227,0,42,1,0,0,0
2021,49,25-64 yr,0,0,201,0,64,0,0,0,0
2021,50,25-64 yr,0,0,271,0,105,0,0,0,0
2021,51,25-64 yr,0,0,328,0,125,0,0,2,0
2021,52,25-64 yr,0,0,359,0,237,0,0,2,0
2022,1,25-64 yr,0,0,294,0,149,0,0,5,0
2022,2,25-64 yr,0,0,208,0,161,0,0,1,0
2022,3,25-64 yr,0,0,162,0,66,0,0,1,0
2022,4,25-64 yr,0,0,97,0,61,0,0,3,0
2022,5,25-64 yr,0,0,96,0,46,0,0,1,0
2022,6,25-64 yr,0,0,92,0,43,0,0,1,0
2022,7,25-64 yr,0,0,103,1,67,0,0,0,0
2022,8,25-64 yr,0,0,104,0,65,0,0,0,0
2022,9,25-64 yr,0,0,122,0,65,0,0,0,0
2022,10,25-64 yr,0,0,127,0,33,0,0,0,0
2022,11,25-64 yr,0,0,155,2,67,0,0,0,0
2022,12,25-64 yr,0,0,164,0,43,0,0,1,0
2022,13,25-64 yr,0,0,168,0,49,0,0,0,0
2022,14,25-64 yr,0,0,190,0,45,0,0,0,0
2022,15,25-64 yr,0,0,203,0,46,0,0,3,0
2022,16,25-64 yr,0,0,191,0,54,0,0,1,0
2022,17,25-64 yr,0,0,225,1,59,0,0,1,0
2022,18,25-64 yr,0,0,198,0,41,0,0,0,0
2022,19,25-64 yr,0,0,162,0,66,0,0,2,0
2022,20,25-64 yr,0,0,170,1,59,0,0,0,0
2022,21,25-64 yr,0,0,105,0,42,0,0,1,0
2022,22,25-64 yr,0,0,103,0,36,0,0,1,0
2022,23,25-64 yr,0,0,83,0,31,0,0,0,0
2022,24,25-64 yr,0,0,85,0,19,0,0,0,0
2022,25,25-64 yr,0,0,41,0,13,0,0,1,0
2022,26,25-64 yr,0,0,15,0,9,0,0,0,0
2022,27,25-64 yr,0,0,19,0,1,0,0,0,0
2022,28,25-64 yr,0,0,18,0,3,0,0,0,0
2022,29,25-64 yr,0,0,10,0,7,0,0,2,0
2022,30,25-64 yr,0,0,10,0,6,0,0,1,0
2022,31,25-64 yr,0,0,11,0,9,0,0,0,0
2022,32,25-64 yr,0,0,25,0,3,0,0,0,0
2022,33,25-64 yr,0,0,17,2,3,0,0,0,0
2022,34,25-64 yr,0,0,19,2,3,1,0,0,0
2022,35,25-64 yr,0,0,13,4,5,1,0,0,0
2022,36,25-64 yr,0,0,12,2,5,0,0,0,0
2022,37,25-64 yr,0,0,15,0,3,0,0,1,0
2022,38,25-64 yr,0,0,10,1,3,2,0,0,0
2022,39,25-64 yr,0,0,19,6,2,1,0,1,0
2021,40,65+ yr,0,0,0,0,1,0,0,0,0
2021,41,65+ yr,0,0,1,0,0,0,0,1,0
2021,42,65+ yr,0,0,1,0,0,0,0,0,0
2021,43,65+ yr,0,0,2,0,1,0,0,0,0
2021,44,65+ yr,0,0,0,0,2,0,0,0,0
2021,45,65+ yr,0,0,9,0,4,0,0,0,0
2021,46,65+ yr,0,0,17,0,10,0,0,0,0
2021,47,65+ yr,0,0,29,0,1,0,0,0,0
2021,48,65+ yr,0,0,64,0,9,0,0,0,0
2021,49,65+ yr,0,0,66,0,11,0,0,0,0
2021,50,65+ yr,0,0,91,0,19,0,0,0,0
2021,51,65+ yr,0,0,113,0,23,0,0,0,0
2021,52,65+ yr,0,0,180,0,57,0,0,2,0
2022,1,65+ yr,0,0,106,0,38,0,0,0,0
2022,2,65+ yr,0,0,47,0,22,0,0,1,0
2022,3,65+ yr,0,0,36,0,21,0,0,0,0
2022,4,65+ yr,0,0,31,0,13,0,0,0,0
2022,5,65+ yr,0,0,33,0,11,0,0,2,0
2022,6,65+ yr,0,0,28,0,10,0,0,1,0
2022,7,65+ yr,0,0,30,0,21,0,0,0,0
2022,8,65+ yr,0,0,49,0,18,0,0,1,0
2022,9,65+ yr,0,0,62,0,13,0,0,0,0
2022,10,65+ yr,0,0,74,0,11,0,0,0,0
2022,11,65+ yr,0,0,56,0,6,0,0,0,0
2022,12,65+ yr,0,0,82,0,17,0,0,0,0
2022,13,65+ yr,0,0,99,0,17,0,0,0,0
2022,14,65+ yr,0,0,72,0,9,0,0,0,0
2022,15,65+ yr,0,0,108,0,13,0,0,0,0
2022,16,65+ yr,0,0,102,0,9,0,0,0,0
2022,17,65+ yr,0,0,85,1,6,0,0,0,0
2022,18,65+ yr,0,0,88,0,11,0,0,0,0
2022,19,65+ yr,0,0,61,0,9,0,0,0,0
2022,20,65+ yr,0,0,52,2,11,0,0,1,0
2022,21,65+ yr,0,0,49,0,5,0,0,0,0
2022,22,65+ yr,0,0,47,0,7,0,0,0,0
2022,23,65+ yr,0,0,39,0,11,0,0,0,0
2022,24,65+ yr,0,0,21,0,4,0,0,0,0
2022,25,65+ yr,0,0,15,0,2,0,0,0,0
2022,26,65+ yr,0,0,4,0,3,0,0,0,0
2022,27,65+ yr,0,0,6,0,3,0,0,0,0
2022,28,65+ yr,0,0,11,0,1,0,0,0,0
2022,29,65+ yr,0,0,2,0,1,0,0,0,0
2022,30,65+ yr,0,0,2,0,3,0,0,1,0
2022,31,65+ yr,0,0,4,0,0,0,0,0,0
2022,32,65+ yr,0,0,6,0,0,0,0,0,0
2022,33,65+ yr,0,0,2,0,2,0,0,0,0
2022,34,65+ yr,0,0,0,0,0,0,0,0,0
2022,35,65+ yr,0,0,2,2,0,0,0,0,0
2022,36,65+ yr,0,0,1,0,3,0,0,0,0
2022,37,65+ yr,0,0,1,1,1,0,0,0,0
2022,38,65+ yr,0,0,5,2,1,0,0,0,0
2022,39,65+ yr,0,0,6,6,0,0,0,0,0
2020,40,0-4 yr,0,0,0,0,1,0,0,0,0
2020,41,0-4 yr,0,0,0,1,0,0,0,0,0
2020,42,0-4 yr,0,0,0,0,1,0,0,1,0
2020,43,0-4 yr,0,0,0,0,0,0,0,0,0
2020,44,0-4 yr,0,0,0,0,1,0,0,0,0
2020,45,0-4 yr,0,0,0,0,1,0,0,1,0
2020,46,0-4 yr,0,0,0,0,0,0,0,1,0
2020,47,0-4 yr,0,0,1,0,0,0,1,0,0
2020,48,0-4 yr,0,0,0,0,0,0,0,0,0
2020,49,0-4 yr,0,0,0,0,0,0,0,0,0
2020,50,0-4 yr,0,0,1,1,1,1,0,0,0
2020,51,0-4 yr,0,0,0,0,0,0,0,0,0
2020,52,0-4 yr,0,0,0,0,1,0,0,0,0
2020,53,0-4 yr,0,0,1,1,0,0,0,2,0
2021,1,0-4 yr,0,0,1,0,0,0,0,1,0
2021,2,0-4 yr,0,0,0,0,0,0,0,0,0
2021,3,0-4 yr,0,0,0,0,0,0,0,0,0
2021,4,0-4 yr,0,0,0,0,0,0,0,0,0
2021,5,0-4 yr,0,0,0,0,1,0,0,0,0
2021,6,0-4 yr,0,0,0,0,0,0,0,0,0
2021,7,0-4 yr,0,0,0,0,1,0,0,1,0
2021,8,0-4 yr,0,0,0,0,0,0,0,1,0
2021,9,0-4 yr,0,0,0,0,0,0,0,0,0
2021,10,0-4 yr,0,0,0,0,0,0,0,0,0
2021,11,0-4 yr,0,0,1,0,0,0,0,0,0
2021,12,0-4 yr,0,0,0,0,0,0,0,0,0
2021,13,0-4 yr,0,0,0,0,0,0,0,0,0
2021,14,0-4 yr,0,0,0,0,0,0,0,0,0
2021,15,0-4 yr,0,0,0,0,0,0,0,0,0
2021,16,0-4 yr,0,0,0,0,0,0,0,0,0
2021,17,0-4 yr,0,0,0,0,0,0,0,0,0
2021,18,0-4 yr,0,0,0,0,0,0,0,0,0
2021,19,0-4 yr,0,0,0,0,0,0,0,0,0
2021,20,0-4 yr,0,0,0,0,0,0,0,0,0
2021,21,0-4 yr,0,0,0,0,0,0,0,0,0
2021,22,0-4 yr,0,0,0,0,0,0,0,0,0
2021,23,0-4 yr,0,0,0,0,0,0,0,0,0
2021,24,0-4 yr,0,0,0,0,0,0,0,0,0
2021,25,0-4 yr,0,0,0,0,0,0,0,0,0
2021,26,0-4 yr,0,0,0,0,0,0,0,0,0
2021,27,0-4 yr,0,0,1,0,1,0,0,1,0
2021,28,0-4 yr,0,0,1,0,1,0,0,0,0
2021,29,0-4 yr,0,0,0,0,0,0,0,0,0
2021,30,0-4 yr,0,0,0,0,0,0,0,0,0
2021,31,0-4 yr,0,0,0,0,0,0,0,0,0
2021,32,0-4 yr,0,0,0,0,0,0,0,0,1
2021,33,0-4 yr,0,0,0,0,0,0,0,0,0
2021,34,0-4 yr,0,0,0,0,0,0,0,0,0
2021,35,0-4 yr,0,0,0,0,0,0,0,0,0
2021,36,0-4 yr,0,0,0,0,0,0,0,0,0
2021,37,0-4 yr,0,0,0,1,1,2,0,0,0
2021,38,0-4 yr,0,0,1,0,0,0,0,0,0
2021,39,0-4 yr,0,0,2,0,1,0,0,0,0
2020,40,5-24 yr,0,0,0,0,0,0,0,0,0
2020,41,5-24 yr,0,0,0,0,0,1,0,0,0
2020,42,5-24 yr,0,0,1,0,1,0,0,1,0
2020,43,5-24 yr,0,0,0,0,1,0,0,1,0
2020,44,5-24 yr,0,0,1,0,1,1,2,2,0
2020,45,5-24 yr,0,0,0,0,1,0,0,4,0
2020,46,5-24 yr,0,0,3,2,4,0,1,0,0
2020,47,5-24 yr,0,0,1,0,0,0,1,0,0
2020,48,5-24 yr,0,0,0,0,1,1,0,1,0
2020,49,5-24 yr,0,0,0,0,2,1,1,3,0
2020,50,5-24 yr,0,0,1,1,0,1,0,0,0
2020,51,5-24 yr,0,0,0,0,2,0,0,2,0
2020,52,5-24 yr,0,0,0,0,1,0,0,0,0
2020,53,5-24 yr,0,0,0,0,1,0,0,1,0
2021,1,5-24 yr,0,0,0,0,2,1,0,1,0
2021,2,5-24 yr,0,0,1,0,2,1,0,2,1
2021,3,5-24 yr,0,0,1,0,1,0,0,0,0
2021,4,5-24 yr,0,0,0,0,1,0,0,0,0
2021,5,5-24 yr,0,0,0,0,1,0,0,2,0
2021,6,5-24 yr,0,0,0,0,0,0,0,1,0
2021,7,5-24 yr,0,0,0,0,1,0,1,0,0
2021,8,5-24 yr,0,0,0,0,1,0,0,2,0
2021,9,5-24 yr,0,0,0,0,0,0,0,0,0
2021,10,5-24 yr,0,0,0,0,1,0,0,0,0
2021,11,5-24 yr,0,0,0,0,1,0,0,1,0
2021,12,5-24 yr,0,0,0,0,0,0,0,0,0
2021,13,5-24 yr,0,0,0,0,2,0,0,0,0
2021,14,5-24 yr,0,0,0,0,0,0,0,0,0
2021,15,5-24 yr,0,0,0,0,1,0,0,0,0
2021,16,5-24 yr,0,0,0,0,0,0,0,0,0
2021,17,5-24 yr,0,0,0,0,0,0,0,0,0
2021,18,5-24 yr,0,0,0,0,0,0,0,0,0
2021,19,5-24 yr,0,0,0,0,0,0,0,0,0
2021,20,5-24 yr,0,0,0,0,0,5,0,0,0
2021,21,5-24 yr,0,0,0,0,0,0,0,0,0
2021,22,5-24 yr,0,0,0,0,1,0,0,0,0
2021,23,5-24 yr,0,0,0,0,1,0,0,0,0
2021,24,5-24 yr,0,0,1,0,0,0,0,0,0
2021,25,5-24 yr,0,0,0,0,0,0,0,0,0
2021,26,5-24 yr,0,0,0,0,0,0,0,0,0
2021,27,5-24 yr,0,0,0,0,0,0,0,0,0
2021,28,5-24 yr,0,0,0,0,1,1,0,0,0
2021,29,5-24 yr,0,0,0,0,0,0,0,0,0
2021,30,5-24 yr,0,0,0,0,0,0,0,0,0
2021,31,5-24 yr,0,0,0,0,0,0,0,0,0
2021,32,5-24 yr,0,0,0,0,0,0,0,0,0
2021,33,5-24 yr,0,0,1,0,0,0,0,0,0
2021,34,5-24 yr,0,0,0,0,1,0,0,0,0
2021,35,5-24 yr,0,0,0,1,2,0,0,0,0
2021,36,5-24 yr,0,0,0,0,4,0,0,0,0
2021,37,5-24 yr,0,0,5,0,0,1,0,0,0
2021,38,5-24 yr,0,0,21,1,2,0,0,0,0
2021,39,5-24 yr,0,0,35,0,0,1,0,0,0
2020,40,25-64 yr,0,0,0,0,1,0,0,2,0
2020,41,25-64 yr,0,0,0,0,3,0,0,2,0
2020,42,25-64 yr,0,0,0,0,1,0,0,1,0
2020,43,25-64 yr,0,0,0,0,6,0,0,2,0
2020,44,25-64 yr,0,0,0,0,4,0,0,6,0
2020,45,25-64 yr,0,0,1,0,4,0,0,2,0
2020,46,25-64 yr,0,0,0,0,2,0,0,2,0
2020,47,25-64 yr,0,0,1,0,0,0,0,2,0
2020,48,25-64 yr,0,0,0,1,5,0,0,1,0
2020,49,25-64 yr,0,0,0,0,2,1,0,1,0
2020,50,25-64 yr,0,0,0,1,5,0,0,0,0
2020,51,25-64 yr,0,0,0,0,2,0,0,1,0
2020,52,25-64 yr,0,0,0,0,0,0,0,1,0
2020,53,25-64 yr,0,0,1,0,3,0,0,0,0
2021,1,25-64 yr,0,0,1,0,3,0,0,0,0
2021,2,25-64 yr,0,0,0,0,1,0,0,0,0
2021,3,25-64 yr,0,0,0,0,0,0,0,1,0
2021,4,25-64 yr,0,0,0,0,0,0,0,0,0
2021,5,25-64 yr,0,0,0,0,2,0,0,1,0
2021,6,25-64 yr,0,0,0,0,1,1,0,0,0
2021,7,25-64 yr,0,0,0,0,1,0,0,0,0
2021,8,25-64 yr,0,0,1,1,0,0,0,1,0
2021,9,25-64 yr,0,0,0,0,2,0,0,0,0
2021,10,25-64 yr,0,0,0,0,0,1,0,0,0
2021,11,25-64 yr,0,0,0,0,1,0,0,0,0
2021,12,25-64 yr,0,0,0,0,1,0,0,0,0
2021,13,25-64 yr,0,0,0,0,2,0,0,1,0
2021,14,25-64 yr,0,0,0,0,0,0,0,0,0
2021,15,25-64 yr,0,0,1,1,0,0,0,1,0
2021,16,25-64 yr,0,0,0,0,0,0,0,1,0
2021,17,25-64 yr,0,0,0,0,1,0,0,0,0
2021,18,25-64 yr,0,0,0,0,0,1,0,0,0
2021,19,25-64 yr,0,0,0,0,0,0,0,0,0
2021,20,25-64 yr,0,0,0,0,1,0,0,0,0
2021,21,25-64 yr,0,0,0,0,0,0,0,0,0
2021,22,25-64 yr,0,0,0,0,1,0,0,1,0
2021,23,25-64 yr,0,0,0,0,0,0,0,0,0
2021,24,25-64 yr,0,0,0,0,0,0,0,0,0
2021,25,25-64 yr,0,0,0,1,0,0,0,0,0
2021,26,25-64 yr,0,0,0,0,1,0,0,0,0
2021,27,25-64 yr,0,0,0,1,1,0,0,0,0
2021,28,25-64 yr,0,0,2,0,1,0,0,1,0
2021,29,25-64 yr,0,0,2,0,0,0,0,0,0
2021,30,25-64 yr,0,0,1,1,1,0,0,0,0
2021,31,25-64 yr,0,0,1,0,2,0,0,0,0
2021,32,25-64 yr,0,0,0,0,0,0,0,0,0
2021,33,25-64 yr,0,0,2,0,0,0,0,0,0
2021,34,25-64 yr,0,0,0,1,4,0,0,3,0
2021,35,25-64 yr,0,0,0,0,0,0,0,0,0
2021,36,25-64 yr,0,0,0,0,2,0,0,1,0
2021,37,25-64 yr,0,0,1,0,2,1,0,0,0
2021,38,25-64 yr,0,0,0,2,2,0,0,0,0
2021,39,25-64 yr,0,0,1,0,1,0,0,1,0
2020,40,65+ yr,0,0,0,0,1,0,0,0,0
2020,41,65+ yr,0,0,0,0,0,0,0,0,0
2020,42,65+ yr,0,0,0,0,0,0,0,2,0
2020,43,65+ yr,0,0,0,0,2,0,0,0,0
2020,44,65+ yr,0,0,0,0,1,0,0,4,0
2020,45,65+ yr,0,0,0,0,0,0,0,2,0
2020,46,65+ yr,0,0,0,0,0,0,0,1,0
2020,47,65+ yr,0,0,0,0,0,0,0,0,0
2020,48,65+ yr,0,0,0,1,0,0,0,0,0
2020,49,65+ yr,0,0,0,0,1,0,0,0,0
2020,50,65+ yr,0,0,0,0,1,0,0,0,0
2020,51,65+ yr,0,0,0,0,0,0,0,0,0
2020,52,65+ yr,0,0,0,0,0,0,0,1,0
2020,53,65+ yr,0,0,0,0,2,0,0,0,0
2021,1,65+ yr,0,0,0,0,0,0,0,0,0
2021,2,65+ yr,0,0,0,0,0,0,0,0,0
2021,3,65+ yr,0,0,0,0,0,0,0,0,0
2021,4,65+ yr,0,0,0,1,0,0,0,0,0
2021,5,65+ yr,0,0,0,0,0,0,0,0,0
2021,6,65+ yr,0,0,0,0,1,0,0,0,0
2021,7,65+ yr,0,0,0,0,0,0,0,0,0
2021,8,65+ yr,0,0,0,0,0,0,0,0,0
2021,9,65+ yr,0,0,0,0,0,0,0,0,0
2021,10,65+ yr,0,0,0,0,0,0,0,0,0
2021,11,65+ yr,0,0,0,0,1,0,0,0,0
2021,12,65+ yr,0,0,0,0,0,0,0,0,0
2021,13,65+ yr,0,0,0,0,0,0,0,0,0
2021,14,65+ yr,0,0,0,1,0,0,0,0,0
2021,15,65+ yr,0,0,0,0,1,0,0,1,0
2021,16,65+ yr,0,0,0,0,0,0,0,0,0
2021,17,65+ yr,0,0,0,0,0,0,0,0,0
2021,18,65+ yr,0,0,0,0,0,0,0,0,0
2021,19,65+ yr,0,0,0,0,0,0,0,0,0
2021,20,65+ yr,0,0,0,0,0,0,0,0,0
2021,21,65+ yr,0,0,0,0,0,0,0,0,0
2021,22,65+ yr,0,0,0,1,0,0,0,0,0
2021,23,65+ yr,0,0,0,0,0,0,0,0,0
2021,24,65+ yr,0,0,0,0,0,0,0,0,0
2021,25,65+ yr,0,0,0,0,0,0,0,0,0
2021,26,65+ yr,0,0,0,0,0,0,0,0,0
2021,27,65+ yr,0,0,0,0,0,0,0,0,0
2021,28,65+ yr,0,0,0,0,0,0,0,0,0
2021,29,65+ yr,0,0,0,0,0,0,0,0,0
2021,30,65+ yr,0,0,0,0,0,0,0,0,0
2021,31,65+ yr,0,0,1,0,1,0,0,0,0
2021,32,65+ yr,0,0,0,0,1,0,0,0,0
2021,33,65+ yr,0,0,0,0,1,0,0,1,0
2021,34,65+ yr,0,0,0,0,0,0,0,0,0
2021,35,65+ yr,0,0,0,0,0,0,0,0,0
2021,36,65+ yr,0,0,0,0,0,0,0,0,0
2021,37,65+ yr,0,0,0,0,0,0,0,0,0
2021,38,65+ yr,0,0,0,0,2,0,0,0,0
2021,39,65+ yr,0,0,0,0,0,0,0,0,0
2019,40,0-4 yr,0,0,4,3,4,6,0,1,0
2019,41,0-4 yr,0,0,2,5,3,16,0,0,0
2019,42,0-4 yr,0,0,14,4,7,15,0,4,0
2019,43,0-4 yr,0,0,4,4,11,12,0,3,0
2019,44,0-4 yr,0,0,7,6,17,12,1,0,0
2019,45,0-4 yr,0,0,6,5,48,21,1,3,0
2019,46,0-4 yr,0,0,13,18,40,40,0,4,0
2019,47,0-4 yr,0,0,6,40,53,44,1,16,0
2019,48,0-4 yr,0,0,12,51,24,85,1,20,0
2019,49,0-4 yr,0,0,12,67,34,112,0,19,0
2019,50,0-4 yr,0,0,9,77,11,87,0,35,0
2019,51,0-4 yr,0,0,6,101,7,138,1,32,0
2019,52,0-4 yr,0,0,9,131,2,200,4,44,0
2020,1,0-4 yr,0,0,8,126,5,197,4,24,0
2020,2,0-4 yr,0,0,7,126,6,142,1,25,0
2020,3,0-4 yr,0,0,5,161,8,153,1,27,0
2020,4,0-4 yr,0,0,6,179,5,153,1,21,0
2020,5,0-4 yr,0,0,5,210,13,117,0,21,0
2020,6,0-4 yr,0,0,4,192,11,79,0,21,0
2020,7,0-4 yr,0,0,4,163,13,82,0,18,0
2020,8,0-4 yr,0,0,5,153,8,48,0,13,0
2020,9,0-4 yr,0,0,3,148,6,47,0,12,0
2020,10,0-4 yr,0,0,5,134,2,31,0,20,0
2020,11,0-4 yr,0,0,5,91,4,15,0,5,0
2020,12,0-4 yr,0,0,2,26,0,4,0,8,0
2020,13,0-4 yr,0,0,2,7,0,2,0,5,0
2020,14,0-4 yr,0,0,0,6,0,1,0,1,0
2020,15,0-4 yr,0,0,0,12,0,0,0,0,0
2020,16,0-4 yr,0,0,0,6,0,0,0,2,0
2020,17,0-4 yr,0,0,0,4,0,0,0,1,0
2020,18,0-4 yr,0,0,0,5,0,0,0,1,0
2020,19,0-4 yr,0,0,1,3,0,0,0,0,0
2020,20,0-4 yr,0,0,0,6,0,0,0,0,0
2020,21,0-4 yr,0,0,0,0,0,0,0,0,0
2020,22,0-4 yr,0,0,0,1,0,0,0,0,0
2020,23,0-4 yr,0,0,0,0,0,0,0,1,0
2020,24,0-4 yr,0,0,0,0,0,0,0,0,0
2020,25,0-4 yr,0,0,0,0,0,0,0,0,0
2020,26,0-4 yr,0,0,0,0,1,0,0,0,0
2020,27,0-4 yr,0,0,0,0,0,0,0,0,0
2020,28,0-4 yr,0,0,0,0,0,0,0,0,0
2020,29,0-4 yr,0,0,0,0,0,0,0,0,0
2020,30,0-4 yr,0,0,0,0,1,0,0,0,0
2020,31,0-4 yr,0,0,0,0,0,0,0,0,0
2020,32,0-4 yr,0,0,0,0,0,0,0,0,0
2020,33,0-4 yr,0,0,0,0,0,0,0,0,0
2020,34,0-4 yr,0,0,0,0,0,0,0,0,0
2020,35,0-4 yr,0,0,0,0,0,0,0,0,0
2020,36,0-4 yr,0,0,0,0,0,0,0,0,0
2020,37,0-4 yr,0,0,0,0,0,0,0,0,0
2020,38,0-4 yr,0,0,0,0,0,0,0,0,0
2020,39,0-4 yr,0,0,0,0,0,0,0,0,0
2019,40,5-24 yr,0,0,10,7,17,39,1,1,0
2019,41,5-24 yr,0,0,12,6,13,39,0,3,0
2019,42,5-24 yr,0,0,15,11,12,37,1,6,0
2019,43,5-24 yr,0,0,13,13,24,55,1,9,0
2019,44,5-24 yr,0,0,13,12,38,70,2,21,0
2019,45,5-24 yr,0,0,23,20,95,121,3,48,0
2019,46,5-24 yr,0,0,4,30,75,175,1,46,0
2019,47,5-24 yr,0,0,20,42,75,245,2,81,0
2019,48,5-24 yr,0,0,21,81,35,253,3,50,0
2019,49,5-24 yr,0,0,16,98,30,272,4,83,0
2019,50,5-24 yr,0,0,16,162,21,445,7,148,0
2019,51,5-24 yr,0,0,14,242,21,568,5,168,0
2019,52,5-24 yr,0,0,11,206,5,637,7,120,0
2020,1,5-24 yr,0,0,10,145,11,353,4,63,0
2020,2,5-24 yr,0,0,13,232,14,375,2,86,0
2020,3,5-24 yr,0,0,21,325,16,513,3,121,0
2020,4,5-24 yr,0,0,26,371,8,573,2,141,0
2020,5,5-24 yr,0,0,27,526,5,532,2,191,0
2020,6,5-24 yr,0,0,38,449,9,414,1,181,0
2020,7,5-24 yr,0,0,24,445,16,352,4,157,0
2020,8,5-24 yr,0,0,25,318,17,275,2,87,0
2020,9,5-24 yr,0,0,14,316,8,214,0,71,0
2020,10,5-24 yr,0,0,19,264,9,160,0,56,0
2020,11,5-24 yr,0,0,17,195,5,79,0,40,0
2020,12,5-24 yr,0,0,9,49,1,35,0,17,0
2020,13,5-24 yr,0,0,1,10,0,5,0,10,0
2020,14,5-24 yr,0,0,0,8,0,2,0,3,0
2020,15,5-24 yr,0,0,0,7,1,0,0,1,0
2020,16,5-24 yr,0,0,0,5,0,0,0,0,0
2020,17,5-24 yr,0,0,0,6,0,0,0,1,0
2020,18,5-24 yr,0,0,0,10,0,0,0,0,0
2020,19,5-24 yr,0,0,0,9,0,0,0,1,0
2020,20,5-24 yr,0,0,0,5,0,0,0,0,0
2020,21,5-24 yr,0,0,0,0,0,0,0,0,0
2020,22,5-24 yr,0,0,0,0,0,0,0,0,0
2020,23,5-24 yr,0,0,0,0,0,0,0,0,0
2020,24,5-24 yr,0,0,0,0,0,0,0,0,0
2020,25,5-24 yr,0,0,0,0,0,0,0,0,0
2020,26,5-24 yr,0,0,0,0,1,0,0,0,0
2020,27,5-24 yr,0,0,0,0,0,0,0,0,1
2020,28,5-24 yr,0,0,0,0,0,0,0,0,0
2020,29,5-24 yr,0,0,0,0,0,0,0,0,0
2020,30,5-24 yr,0,0,0,0,0,0,0,0,0
2020,31,5-24 yr,0,0,0,0,0,0,0,0,0
2020,32,5-24 yr,0,0,0,0,0,0,0,0,0
2020,33,5-24 yr,0,0,0,0,0,0,0,0,0
2020,34,5-24 yr,0,0,0,0,0,0,0,0,0
2020,35,5-24 yr,0,0,0,0,0,0,0,0,0
2020,36,5-24 yr,0,0,0,0,1,0,0,1,0
2020,37,5-24 yr,0,0,0,0,0,0,0,0,0
2020,38,5-24 yr,0,0,0,0,0,0,0,0,0
2020,39,5-24 yr,0,0,0,0,0,0,0,0,0
2019,40,25-64 yr,0,0,15,10,0,11,0,2,0
2019,41,25-64 yr,0,0,12,11,4,11,2,1,0
2019,42,25-64 yr,0,0,20,16,5,16,2,2,0
2019,43,25-64 yr,0,0,23,25,11,22,2,3,0
2019,44,25-64 yr,0,0,16,22,25,20,0,7,0
2019,45,25-64 yr,0,0,11,52,51,39,1,10,0
2019,46,25-64 yr,0,0,11,54,25,56,2,15,0
2019,47,25-64 yr,0,0,23,92,36,85,2,33,0
2019,48,25-64 yr,0,0,20,137,25,110,3,38,0
2019,49,25-64 yr,0,0,22,191,18,164,4,62,0
2019,50,25-64 yr,0,0,23,236,6,181,4,54,0
2019,51,25-64 yr,0,0,13,365,13,248,5,56,0
2019,52,25-64 yr,0,0,19,465,11,339,5,68,0
2020,1,25-64 yr,0,0,36,523,15,432,7,65,0
2020,2,25-64 yr,0,0,26,527,8,380,7,84,0
2020,3,25-64 yr,0,0,13,576,18,319,4,64,0
2020,4,25-64 yr,0,0,15,750,15,263,1,66,0
2020,5,25-64 yr,0,0,23,953,20,230,1,60,0
2020,6,25-64 yr,0,0,22,985,15,186,1,43,0
2020,7,25-64 yr,0,0,12,856,31,170,3,65,0
2020,8,25-64 yr,0,0,13,751,46,138,3,49,0
2020,9,25-64 yr,0,0,15,711,17,108,3,39,0
2020,10,25-64 yr,0,0,10,696,30,94,0,50,0
2020,11,25-64 yr,0,0,17,527,19,67,1,35,0
2020,12,25-64 yr,0,0,7,245,7,19,1,19,0
2020,13,25-64 yr,0,0,3,37,2,9,1,15,0
2020,14,25-64 yr,0,0,1,12,0,2,0,3,0
2020,15,25-64 yr,0,0,0,6,0,0,0,3,0
2020,16,25-64 yr,0,0,0,7,0,2,0,1,0
2020,17,25-64 yr,0,0,0,12,0,0,0,2,0
2020,18,25-64 yr,0,0,0,4,1,0,0,1,0
2020,19,25-64 yr,0,0,0,12,0,0,0,1,0
2020,20,25-64 yr,0,0,0,13,0,0,0,1,0
2020,21,25-64 yr,0,0,0,0,1,0,0,0,0
2020,22,25-64 yr,0,0,0,1,1,0,0,1,0
2020,23,25-64 yr,0,0,0,0,0,0,0,0,0
2020,24,25-64 yr,0,0,0,0,1,0,0,2,0
2020,25,25-64 yr,0,0,0,0,0,0,0,0,0
2020,26,25-64 yr,0,0,0,0,1,0,0,0,0
2020,27,25-64 yr,0,0,0,0,0,0,0,0,0
2020,28,25-64 yr,0,0,0,0,1,0,0,1,0
2020,29,25-64 yr,0,0,0,0,0,0,0,0,0
2020,30,25-64 yr,0,0,0,0,0,0,0,0,0
2020,31,25-64 yr,0,0,0,0,0,0,0,0,0
2020,32,25-64 yr,0,0,0,0,0,0,0,0,0
2020,33,25-64 yr,0,0,0,0,0,0,0,1,0
2020,34,25-64 yr,0,0,0,0,0,0,0,0,0
2020,35,25-64 yr,0,0,0,0,0,0,0,0,0
2020,36,25-64 yr,0,0,0,0,1,0,0,0,0
2020,37,25-64 yr,0,0,1,0,0,0,0,0,0
2020,38,25-64 yr,0,0,0,0,1,0,0,0,0
2020,39,25-64 yr,0,0,0,0,1,0,0,0,0
2019,40,65+ yr,0,0,20,1,0,0,0,0,0
2019,41,65+ yr,0,0,27,8,2,3,0,0,0
2019,42,65+ yr,0,0,26,3,0,2,0,0,0
2019,43,65+ yr,0,0,22,3,2,3,1,0,0
2019,44,65+ yr,0,0,17,4,2,4,2,0,0
2019,45,65+ yr,0,0,15,9,10,7,3,0,0
2019,46,65+ yr,0,0,21,20,5,9,2,3,0
2019,47,65+ yr,0,0,20,25,8,11,2,5,0
2019,48,65+ yr,0,0,22,48,7,12,1,2,0
2019,49,65+ yr,0,0,24,59,3,22,4,6,0
2019,50,65+ yr,0,0,25,73,3,32,1,9,0
2019,51,65+ yr,0,0,14,95,8,34,4,4,0
2019,52,65+ yr,0,0,35,251,2,79,7,14,0
2020,1,65+ yr,0,0,29,270,6,137,7,23,0
2020,2,65+ yr,0,0,28,233,6,84,9,9,0
2020,3,65+ yr,0,0,20,247,7,69,3,5,0
2020,4,65+ yr,0,0,24,258,3,50,2,7,0
2020,5,65+ yr,0,0,23,394,7,71,2,1,0
2020,6,65+ yr,0,0,18,437,15,65,2,1,0
2020,7,65+ yr,0,0,17,419,8,53,3,9,0
2020,8,65+ yr,0,0,25,397,9,44,4,5,0
2020,9,65+ yr,0,0,21,404,7,45,4,7,0
2020,10,65+ yr,0,0,25,372,14,36,8,1,0
2020,11,65+ yr,0,0,23,259,14,13,2,2,0
2020,12,65+ yr,0,0,9,88,6,10,0,4,0
2020,13,65+ yr,0,0,1,23,3,2,0,1,0
2020,14,65+ yr,0,0,0,8,2,0,0,0,0
2020,15,65+ yr,0,0,0,3,0,0,0,0,0
2020,16,65+ yr,0,0,0,1,0,0,0,0,0
2020,17,65+ yr,0,0,0,3,0,0,0,0,0
2020,18,65+ yr,0,0,0,4,0,1,0,0,0
2020,19,65+ yr,0,0,0,2,0,0,0,0,0
2020,20,65+ yr,0,0,0,0,0,0,0,1,0
2020,21,65+ yr,0,0,0,0,0,0,0,0,0
2020,22,65+ yr,0,0,0,0,0,0,0,0,0
2020,23,65+ yr,0,0,0,0,0,0,0,0,0
2020,24,65+ yr,0,0,0,1,0,1,0,0,0
2020,25,65+ yr,0,0,0,0,0,0,0,0,0
2020,26,65+ yr,0,0,0,0,0,0,0,0,0
2020,27,65+ yr,0,0,0,0,0,0,0,0,0
2020,28,65+ yr,0,0,0,0,0,0,0,0,0
2020,29,65+ yr,0,0,0,0,0,0,0,0,0
2020,30,65+ yr,0,0,0,0,1,0,0,0,0
2020,31,65+ yr,0,0,0,0,0,0,0,0,0
2020,32,65+ yr,0,0,0,0,0,0,0,0,0
2020,33,65+ yr,0,0,0,0,0,0,0,0,0
2020,34,65+ yr,0,0,0,0,0,0,0,0,0
2020,35,65+ yr,0,0,0,0,0,0,0,0,0
2020,36,65+ yr,0,0,0,0,0,0,0,0,0
2020,37,65+ yr,0,0,0,0,0,0,0,0,0
2020,38,65+ yr,0,0,0,0,0,0,0,0,0
2020,39,65+ yr,0,0,0,0,0,0,0,0,0
