Version;Date_of_report;Date_measurement;RNA_flow_per_100000
2;2026-06-24;2020-09-07;9882200955866
2;2026-06-24;2020-09-08;7900765625394
2;2026-06-24;2020-09-09;8337797468743
2;2026-06-24;2020-09-10;8042632746608
2;2026-06-24;2020-09-11;7836115514984
2;2026-06-24;2020-09-12;7740909568499
2;2026-06-24;2020-09-13;7787349726074
2;2026-06-24;2020-09-14;8544213676780
2;2026-06-24;2020-09-15;8462621431098
2;2026-06-24;2020-09-16;8831504106843
2;2026-06-24;2020-09-17;8987594378531
2;2026-06-24;2020-09-18;9126370267366
2;2026-06-24;2020-09-19;9207975045937
2;2026-06-24;2020-09-20;9946823033109
2;2026-06-24;2020-09-21;10290813027614
2;2026-06-24;2020-09-22;12067444596138
2;2026-06-24;2020-09-23;12123402683802
2;2026-06-24;2020-09-24;12756566730903
2;2026-06-24;2020-09-25;12873791092883
2;2026-06-24;2020-09-26;14951719944351
2;2026-06-24;2020-09-27;20525932281580
2;2026-06-24;2020-09-28;29811073340712
2;2026-06-24;2020-09-29;33243835761095
2;2026-06-24;2020-09-30;34987632095006
2;2026-06-24;2020-10-01;35300740045152
2;2026-06-24;2020-10-02;37218517726533
2;2026-06-24;2020-10-03;33207314878915
2;2026-06-24;2020-10-04;35184819942659
2;2026-06-24;2020-10-05;34822659590794
2;2026-06-24;2020-10-06;34810056271707
2;2026-06-24;2020-10-07;41127222975206
2;2026-06-24;2020-10-08;40577146525952
2;2026-06-24;2020-10-09;49056258878230
2;2026-06-24;2020-10-10;49080910618714
2;2026-06-24;2020-10-11;54300855655070
2;2026-06-24;2020-10-12;63061896830127
2;2026-06-24;2020-10-13;62647338224478
2;2026-06-24;2020-10-14;60795528451406
2;2026-06-24;2020-10-15;60348756548320
2;2026-06-24;2020-10-16;61635772930626
2;2026-06-24;2020-10-17;60716607500335
2;2026-06-24;2020-10-18;53751491683859
2;2026-06-24;2020-10-19;45071931141349
2;2026-06-24;2020-10-20;45754055124034
2;2026-06-24;2020-10-21;51564914516948
2;2026-06-24;2020-10-22;51519639678647
2;2026-06-24;2020-10-23;52551314533054
2;2026-06-24;2020-10-24;52885759017092
2;2026-06-24;2020-10-25;55958717478247
2;2026-06-24;2020-10-26;61919730107684
2;2026-06-24;2020-10-27;61108706361326
2;2026-06-24;2020-10-28;60652649168684
2;2026-06-24;2020-10-29;60709113888854
2;2026-06-24;2020-10-30;60775465118530
2;2026-06-24;2020-10-31;59302695125097
2;2026-06-24;2020-11-01;61638955263192
2;2026-06-24;2020-11-02;53516452470757
2;2026-06-24;2020-11-03;50565865050314
2;2026-06-24;2020-11-04;45553940961905
2;2026-06-24;2020-11-05;43243517916194
2;2026-06-24;2020-11-06;43299762962335
2;2026-06-24;2020-11-07;41263740395093
2;2026-06-24;2020-11-08;44618813926683
2;2026-06-24;2020-11-09;48267875262088
2;2026-06-24;2020-11-10;48215138091296
2;2026-06-24;2020-11-11;44826383475685
2;2026-06-24;2020-11-12;44000778861130
2;2026-06-24;2020-11-13;45442569635249
2;2026-06-24;2020-11-14;45410908887502
2;2026-06-24;2020-11-15;48142876126574
2;2026-06-24;2020-11-16;49274039112261
2;2026-06-24;2020-11-17;50299827148320
2;2026-06-24;2020-11-18;45146154025730
2;2026-06-24;2020-11-19;44384163185197
2;2026-06-24;2020-11-20;41485199462073
2;2026-06-24;2020-11-21;34281729777465
2;2026-06-24;2020-11-22;27288508462322
2;2026-06-24;2020-11-23;22777630363166
2;2026-06-24;2020-11-24;26946992469920
2;2026-06-24;2020-11-25;25010843806695
2;2026-06-24;2020-11-26;22222223441685
2;2026-06-24;2020-11-27;21685990379874
2;2026-06-24;2020-11-28;21689407371305
2;2026-06-24;2020-11-29;23916770604762
2;2026-06-24;2020-11-30;29528546099230
2;2026-06-24;2020-12-01;30346117885120
2;2026-06-24;2020-12-02;27422465337915
2;2026-06-24;2020-12-03;26062052955597
2;2026-06-24;2020-12-04;25738041067268
2;2026-06-24;2020-12-05;23215803188720
2;2026-06-24;2020-12-06;20741809130759
2;2026-06-24;2020-12-07;19180137189896
2;2026-06-24;2020-12-08;22102755006700
2;2026-06-24;2020-12-09;25269936079793
2;2026-06-24;2020-12-10;31703807382645
2;2026-06-24;2020-12-11;32072037382122
2;2026-06-24;2020-12-12;32535515303096
2;2026-06-24;2020-12-13;35879560944181
2;2026-06-24;2020-12-14;35542633699849
2;2026-06-24;2020-12-15;42942132800462
2;2026-06-24;2020-12-16;42591768033708
2;2026-06-24;2020-12-17;37434457052557
2;2026-06-24;2020-12-18;33280562742154
2;2026-06-24;2020-12-19;33142937982390
2;2026-06-24;2020-12-20;31101348404898
2;2026-06-24;2020-12-21;28502138156233
2;2026-06-24;2020-12-22;32372863209319
2;2026-06-24;2020-12-23;41126056186339
2;2026-06-24;2020-12-24;39965298816298
2;2026-06-24;2020-12-25;39676627478516
2;2026-06-24;2020-12-26;39022164492982
2;2026-06-24;2020-12-27;36171569389471
2;2026-06-24;2020-12-28;28676994901098
2;2026-06-24;2020-12-29;31458544840336
2;2026-06-24;2020-12-30;30076275373215
2;2026-06-24;2020-12-31;29229388452921
2;2026-06-24;2021-01-01;28187296793872
2;2026-06-24;2021-01-02;25712141408777
2;2026-06-24;2021-01-03;26235081305396
2;2026-06-24;2021-01-04;29055740523963
2;2026-06-24;2021-01-05;27773878916303
2;2026-06-24;2021-01-06;27347411938256
2;2026-06-24;2021-01-07;39766413618565
2;2026-06-24;2021-01-08;38310720168954
2;2026-06-24;2021-01-09;38445634833840
2;2026-06-24;2021-01-10;30898799984687
2;2026-06-24;2021-01-11;32987433996322
2;2026-06-24;2021-01-12;35931150386878
2;2026-06-24;2021-01-13;34603779876821
2;2026-06-24;2021-01-14;31973338069788
2;2026-06-24;2021-01-15;32561282914315
2;2026-06-24;2021-01-16;31907371760686
2;2026-06-24;2021-01-17;34679911308779
2;2026-06-24;2021-01-18;35913899117245
2;2026-06-24;2021-01-19;41775129439200
2;2026-06-24;2021-01-20;43947913114844
2;2026-06-24;2021-01-21;40420796663946
2;2026-06-24;2021-01-22;36867980012420
2;2026-06-24;2021-01-23;35436735102956
2;2026-06-24;2021-01-24;34803178528014
2;2026-06-24;2021-01-25;31462377467616
2;2026-06-24;2021-01-26;29509981762804
2;2026-06-24;2021-01-27;31203617649949
2;2026-06-24;2021-01-28;33054275486084
2;2026-06-24;2021-01-29;34575543610849
2;2026-06-24;2021-01-30;31645512706045
2;2026-06-24;2021-01-31;29030481628646
2;2026-06-24;2021-02-01;23275113981245
2;2026-06-24;2021-02-02;24976319552736
2;2026-06-24;2021-02-03;28213109291337
2;2026-06-24;2021-02-04;24814818874274
2;2026-06-24;2021-02-05;25198708366345
2;2026-06-24;2021-02-06;24740653046821
2;2026-06-24;2021-02-07;21892276436496
2;2026-06-24;2021-02-08;18882684557586
2;2026-06-24;2021-02-09;18077780486153
2;2026-06-24;2021-02-10;19285085828294
2;2026-06-24;2021-02-11;22238050168893
2;2026-06-24;2021-02-12;22379303259642
2;2026-06-24;2021-02-13;22924986210433
2;2026-06-24;2021-02-14;23374654706347
2;2026-06-24;2021-02-15;32184994762217
2;2026-06-24;2021-02-16;34934841551013
2;2026-06-24;2021-02-17;34843917103676
2;2026-06-24;2021-02-18;30678425643524
2;2026-06-24;2021-02-19;30918314661733
2;2026-06-24;2021-02-20;33639577377093
2;2026-06-24;2021-02-21;36107187116623
2;2026-06-24;2021-02-22;36072669571424
2;2026-06-24;2021-02-23;31431905223455
2;2026-06-24;2021-02-24;27413260937243
2;2026-06-24;2021-02-25;22154373365289
2;2026-06-24;2021-02-26;19444633875211
2;2026-06-24;2021-02-27;18286547916580
2;2026-06-24;2021-02-28;17441838527625
2;2026-06-24;2021-03-01;16880667972259
2;2026-06-24;2021-03-02;15850146159794
2;2026-06-24;2021-03-03;17595404656857
2;2026-06-24;2021-03-04;19400443451801
2;2026-06-24;2021-03-05;20129062651385
2;2026-06-24;2021-03-06;21061301701166
2;2026-06-24;2021-03-07;27001755237301
2;2026-06-24;2021-03-08;27306735290373
2;2026-06-24;2021-03-09;26597465690545
2;2026-06-24;2021-03-10;22840337548562
2;2026-06-24;2021-03-11;22763512271443
2;2026-06-24;2021-03-12;23178692520408
2;2026-06-24;2021-03-13;22658784288228
2;2026-06-24;2021-03-14;21954104112827
2;2026-06-24;2021-03-15;19186747252550
2;2026-06-24;2021-03-16;20293998865122
2;2026-06-24;2021-03-17;19329016849255
2;2026-06-24;2021-03-18;17869578764175
2;2026-06-24;2021-03-19;17278472619365
2;2026-06-24;2021-03-20;17130680625682
2;2026-06-24;2021-03-21;18721983572358
2;2026-06-24;2021-03-22;23098159645737
2;2026-06-24;2021-03-23;24749636227179
2;2026-06-24;2021-03-24;26350723701906
2;2026-06-24;2021-03-25;24621962383300
2;2026-06-24;2021-03-26;24971123260015
2;2026-06-24;2021-03-27;24805132336552
2;2026-06-24;2021-03-28;24199872158901
2;2026-06-24;2021-03-29;26569585651515
2;2026-06-24;2021-03-30;24982680255283
2;2026-06-24;2021-03-31;23410534584791
2;2026-06-24;2021-04-01;23064948768006
2;2026-06-24;2021-04-02;23629817003025
2;2026-06-24;2021-04-03;24689793411496
2;2026-06-24;2021-04-04;24321587663229
2;2026-06-24;2021-04-05;26051621108053
2;2026-06-24;2021-04-06;26729780736454
2;2026-06-24;2021-04-07;29546851440313
2;2026-06-24;2021-04-08;26688604997510
2;2026-06-24;2021-04-09;26638112584133
2;2026-06-24;2021-04-10;28377574135813
2;2026-06-24;2021-04-11;27266472378308
2;2026-06-24;2021-04-12;27824758233075
2;2026-06-24;2021-04-13;27575090249948
2;2026-06-24;2021-04-14;26514237193176
2;2026-06-24;2021-04-15;25440595698703
2;2026-06-24;2021-04-16;24975231125400
2;2026-06-24;2021-04-17;26223833776942
2;2026-06-24;2021-04-18;28308584816462
2;2026-06-24;2021-04-19;34624698929599
2;2026-06-24;2021-04-20;34145895731847
2;2026-06-24;2021-04-21;33193009479880
2;2026-06-24;2021-04-22;27255104796744
2;2026-06-24;2021-04-23;27455708587954
2;2026-06-24;2021-04-24;27428888421754
2;2026-06-24;2021-04-25;26620912472142
2;2026-06-24;2021-04-26;27584302215737
2;2026-06-24;2021-04-27;27839097668042
2;2026-06-24;2021-04-28;27257722661490
2;2026-06-24;2021-04-29;27808177609788
2;2026-06-24;2021-04-30;27885519630938
2;2026-06-24;2021-05-01;27770194025169
2;2026-06-24;2021-05-02;27679598607053
2;2026-06-24;2021-05-03;23574137541275
2;2026-06-24;2021-05-04;26802451634667
2;2026-06-24;2021-05-05;27091495326059
2;2026-06-24;2021-05-06;26024322441340
2;2026-06-24;2021-05-07;26681160504568
2;2026-06-24;2021-05-08;27062551914454
2;2026-06-24;2021-05-09;27498161671525
2;2026-06-24;2021-05-10;26007263590523
2;2026-06-24;2021-05-11;23927097220450
2;2026-06-24;2021-05-12;24703842745937
2;2026-06-24;2021-05-13;22448441664165
2;2026-06-24;2021-05-14;22256681605785
2;2026-06-24;2021-05-15;22249856304624
2;2026-06-24;2021-05-16;22171697891227
2;2026-06-24;2021-05-17;21843624729095
2;2026-06-24;2021-05-18;21221631890162
2;2026-06-24;2021-05-19;21179551157975
2;2026-06-24;2021-05-20;19817312985384
2;2026-06-24;2021-05-21;19756640867104
2;2026-06-24;2021-05-22;19899015985964
2;2026-06-24;2021-05-23;19843290200062
2;2026-06-24;2021-05-24;18859590520604
2;2026-06-24;2021-05-25;19185504569504
2;2026-06-24;2021-05-26;18171927982026
2;2026-06-24;2021-05-27;17282714939557
2;2026-06-24;2021-05-28;17298303852707
2;2026-06-24;2021-05-29;17294378596140
2;2026-06-24;2021-05-30;17873364817517
2;2026-06-24;2021-05-31;16016133215479
2;2026-06-24;2021-06-01;15433941084153
2;2026-06-24;2021-06-02;13830385580737
2;2026-06-24;2021-06-03;13532684251334
2;2026-06-24;2021-06-04;13537527975723
2;2026-06-24;2021-06-05;13552095607753
2;2026-06-24;2021-06-06;13472254711498
2;2026-06-24;2021-06-07;11583963576084
2;2026-06-24;2021-06-08;9211496673678
2;2026-06-24;2021-06-09;7851982440436
2;2026-06-24;2021-06-10;6876462057090
2;2026-06-24;2021-06-11;6014331838846
2;2026-06-24;2021-06-12;6019616442003
2;2026-06-24;2021-06-13;6057001059265
2;2026-06-24;2021-06-14;5591620242714
2;2026-06-24;2021-06-15;6145308318692
2;2026-06-24;2021-06-16;5515606522892
2;2026-06-24;2021-06-17;5337257314783
2;2026-06-24;2021-06-18;5359062694866
2;2026-06-24;2021-06-19;5150373794769
2;2026-06-24;2021-06-20;5066232926446
2;2026-06-24;2021-06-21;5020321840545
2;2026-06-24;2021-06-22;4446391236417
2;2026-06-24;2021-06-23;4634830213827
2;2026-06-24;2021-06-24;4978762660463
2;2026-06-24;2021-06-25;4976829358856
2;2026-06-24;2021-06-26;4880035680277
2;2026-06-24;2021-06-27;4808828827001
2;2026-06-24;2021-06-28;4939622731942
2;2026-06-24;2021-06-29;4969213814698
2;2026-06-24;2021-06-30;4475552851291
2;2026-06-24;2021-07-01;4487719634436
2;2026-06-24;2021-07-02;4519074794313
2;2026-06-24;2021-07-03;4563339851049
2;2026-06-24;2021-07-04;5039040254564
2;2026-06-24;2021-07-05;7411666617547
2;2026-06-24;2021-07-06;7585854622027
2;2026-06-24;2021-07-07;11153199251257
2;2026-06-24;2021-07-08;15418599838226
2;2026-06-24;2021-07-09;17540040518326
2;2026-06-24;2021-07-10;17858542811383
2;2026-06-24;2021-07-11;20527477141816
2;2026-06-24;2021-07-12;28347399639707
2;2026-06-24;2021-07-13;36124183310443
2;2026-06-24;2021-07-14;44931019917223
2;2026-06-24;2021-07-15;50860987989962
2;2026-06-24;2021-07-16;51991986645545
2;2026-06-24;2021-07-17;51979119435503
2;2026-06-24;2021-07-18;50898135230191
2;2026-06-24;2021-07-19;42443287571166
2;2026-06-24;2021-07-20;39912178715588
2;2026-06-24;2021-07-21;38868395902589
2;2026-06-24;2021-07-22;36155198398720
2;2026-06-24;2021-07-23;34983786132731
2;2026-06-24;2021-07-24;36012638350254
2;2026-06-24;2021-07-25;38174136594953
2;2026-06-24;2021-07-26;37024317797924
2;2026-06-24;2021-07-27;28145653750296
2;2026-06-24;2021-07-28;25549961041202
2;2026-06-24;2021-07-29;23018745790775
2;2026-06-24;2021-07-30;23459244279122
2;2026-06-24;2021-07-31;23931595080168
2;2026-06-24;2021-08-01;25130144947112
2;2026-06-24;2021-08-02;27596273551116
2;2026-06-24;2021-08-03;33376394020908
2;2026-06-24;2021-08-04;38539085020471
2;2026-06-24;2021-08-05;37881513505001
2;2026-06-24;2021-08-06;39856590049816
2;2026-06-24;2021-08-07;43540870292227
2;2026-06-24;2021-08-08;42077658281217
2;2026-06-24;2021-08-09;42699587853254
2;2026-06-24;2021-08-10;43755743576812
2;2026-06-24;2021-08-11;41317277482559
2;2026-06-24;2021-08-12;38214407225888
2;2026-06-24;2021-08-13;39080520664545
2;2026-06-24;2021-08-14;39861311833710
2;2026-06-24;2021-08-15;37222732967060
2;2026-06-24;2021-08-16;49472776186400
2;2026-06-24;2021-08-17;55401690893974
2;2026-06-24;2021-08-18;53475182817042
2;2026-06-24;2021-08-19;47899766126022
2;2026-06-24;2021-08-20;47470414177009
2;2026-06-24;2021-08-21;47949728140041
2;2026-06-24;2021-08-22;55182689939497
2;2026-06-24;2021-08-23;60890388943447
2;2026-06-24;2021-08-24;57075465435697
2;2026-06-24;2021-08-25;53507865533511
2;2026-06-24;2021-08-26;58408095466333
2;2026-06-24;2021-08-27;58088406800865
2;2026-06-24;2021-08-28;58064255393515
2;2026-06-24;2021-08-29;52600799507227
2;2026-06-24;2021-08-30;30212551098871
2;2026-06-24;2021-08-31;24324760913355
2;2026-06-24;2021-09-01;23957729407235
2;2026-06-24;2021-09-02;29345244862280
2;2026-06-24;2021-09-03;27312566912342
2;2026-06-24;2021-09-04;26728183513764
2;2026-06-24;2021-09-05;19479376832853
2;2026-06-24;2021-09-06;17334423569002
2;2026-06-24;2021-09-07;15422813736396
2;2026-06-24;2021-09-08;17135169529736
2;2026-06-24;2021-09-09;14778671031660
2;2026-06-24;2021-09-10;16161476722216
2;2026-06-24;2021-09-11;16312751582165
2;2026-06-24;2021-09-12;14363905817465
2;2026-06-24;2021-09-13;11326618736060
2;2026-06-24;2021-09-14;10242261650437
2;2026-06-24;2021-09-15;10806971038437
2;2026-06-24;2021-09-16;11694491418259
2;2026-06-24;2021-09-17;11369830185046
2;2026-06-24;2021-09-18;11004628066922
2;2026-06-24;2021-09-19;12614452520866
2;2026-06-24;2021-09-20;10723142445297
2;2026-06-24;2021-09-21;8721139963376
2;2026-06-24;2021-09-22;8144702396140
2;2026-06-24;2021-09-23;6983066618531
2;2026-06-24;2021-09-24;6750031156436
2;2026-06-24;2021-09-25;6277697810914
2;2026-06-24;2021-09-26;6019999324501
2;2026-06-24;2021-09-27;7316719156423
2;2026-06-24;2021-09-28;6262156060355
2;2026-06-24;2021-09-29;6582221906393
2;2026-06-24;2021-09-30;6975980062853
2;2026-06-24;2021-10-01;7506903213413
2;2026-06-24;2021-10-02;9153318634529
2;2026-06-24;2021-10-03;10948745218798
2;2026-06-24;2021-10-04;11724795985860
2;2026-06-24;2021-10-05;16995344304325
2;2026-06-24;2021-10-06;17481422962542
2;2026-06-24;2021-10-07;18674180754152
2;2026-06-24;2021-10-08;18323614735737
2;2026-06-24;2021-10-09;19501705465986
2;2026-06-24;2021-10-10;21176824345907
2;2026-06-24;2021-10-11;20794015804717
2;2026-06-24;2021-10-12;27766449714915
2;2026-06-24;2021-10-13;24808180367637
2;2026-06-24;2021-10-14;23048462664337
2;2026-06-24;2021-10-15;26057776116866
2;2026-06-24;2021-10-16;27730026674160
2;2026-06-24;2021-10-17;28899230142500
2;2026-06-24;2021-10-18;33297407527659
2;2026-06-24;2021-10-19;36774163741143
2;2026-06-24;2021-10-20;44113479380034
2;2026-06-24;2021-10-21;50453088031269
2;2026-06-24;2021-10-22;47613697710259
2;2026-06-24;2021-10-23;42883923072246
2;2026-06-24;2021-10-24;44568925496935
2;2026-06-24;2021-10-25;47809821147944
2;2026-06-24;2021-10-26;41077709752405
2;2026-06-24;2021-10-27;38999349552329
2;2026-06-24;2021-10-28;42736519877307
2;2026-06-24;2021-10-29;42252778633463
2;2026-06-24;2021-10-30;44332710103219
2;2026-06-24;2021-10-31;47245051185766
2;2026-06-24;2021-11-01;42006598365893
2;2026-06-24;2021-11-02;37842384291060
2;2026-06-24;2021-11-03;46420170943818
2;2026-06-24;2021-11-04;57963451902793
2;2026-06-24;2021-11-05;57269056296720
2;2026-06-24;2021-11-06;54514140526877
2;2026-06-24;2021-11-07;65237599658818
2;2026-06-24;2021-11-08;75269115666691
2;2026-06-24;2021-11-09;86407292139480
2;2026-06-24;2021-11-10;85911435309602
2;2026-06-24;2021-11-11;88718254335425
2;2026-06-24;2021-11-12;91268609354605
2;2026-06-24;2021-11-13;95456621699223
2;2026-06-24;2021-11-14;96449413203099
2;2026-06-24;2021-11-15;96879461711601
2;2026-06-24;2021-11-16;104960374006902
2;2026-06-24;2021-11-17;116498607652811
2;2026-06-24;2021-11-18;114989114285617
2;2026-06-24;2021-11-19;114471652413999
2;2026-06-24;2021-11-20;109836736994650
2;2026-06-24;2021-11-21;119184694780057
2;2026-06-24;2021-11-22;126991117490095
2;2026-06-24;2021-11-23;125423387869269
2;2026-06-24;2021-11-24;115801919631902
2;2026-06-24;2021-11-25;117486777655629
2;2026-06-24;2021-11-26;121475419200798
2;2026-06-24;2021-11-27;117138011066692
2;2026-06-24;2021-11-28;110007281929342
2;2026-06-24;2021-11-29;106976250069157
2;2026-06-24;2021-11-30;100020503001075
2;2026-06-24;2021-12-01;84483672764080
2;2026-06-24;2021-12-02;74054553930000
2;2026-06-24;2021-12-03;71089357036285
2;2026-06-24;2021-12-04;70012796121732
2;2026-06-24;2021-12-05;67388816974138
2;2026-06-24;2021-12-06;75797963522027
2;2026-06-24;2021-12-07;85349069582407
2;2026-06-24;2021-12-08;88014873487199
2;2026-06-24;2021-12-09;87444700997895
2;2026-06-24;2021-12-10;92864915870464
2;2026-06-24;2021-12-11;87728080730194
2;2026-06-24;2021-12-12;95389942612774
2;2026-06-24;2021-12-13;87974190771726
2;2026-06-24;2021-12-14;90191996162045
2;2026-06-24;2021-12-15;80446729194205
2;2026-06-24;2021-12-16;85033177466616
2;2026-06-24;2021-12-17;87507694778301
2;2026-06-24;2021-12-18;97844324257717
2;2026-06-24;2021-12-19;103751193918006
2;2026-06-24;2021-12-20;76202172559315
2;2026-06-24;2021-12-21;69230020889655
2;2026-06-24;2021-12-22;77329480021121
2;2026-06-24;2021-12-23;75162502886463
2;2026-06-24;2021-12-24;81691007680504
2;2026-06-24;2021-12-25;81555260978814
2;2026-06-24;2021-12-26;79775113098670
2;2026-06-24;2021-12-27;64025936509800
2;2026-06-24;2021-12-28;80083728044512
2;2026-06-24;2021-12-29;75022763192584
2;2026-06-24;2021-12-30;65222858542491
2;2026-06-24;2021-12-31;65031018727060
2;2026-06-24;2022-01-01;61776949815580
2;2026-06-24;2022-01-02;71334177441578
2;2026-06-24;2022-01-03;75977790708190
2;2026-06-24;2022-01-04;72852981776518
2;2026-06-24;2022-01-05;79700594427540
2;2026-06-24;2022-01-06;66631132887263
2;2026-06-24;2022-01-07;69628165033944
2;2026-06-24;2022-01-08;77562748219951
2;2026-06-24;2022-01-09;79769315949298
2;2026-06-24;2022-01-10;65984820922017
2;2026-06-24;2022-01-11;70628597393939
2;2026-06-24;2022-01-12;83385678265277
2;2026-06-24;2022-01-13;78409615744379
2;2026-06-24;2022-01-14;78117740794191
2;2026-06-24;2022-01-15;86207011297735
2;2026-06-24;2022-01-16;86284429988783
2;2026-06-24;2022-01-17;113299226700021
2;2026-06-24;2022-01-18;116136873280963
2;2026-06-24;2022-01-19;133216057995724
2;2026-06-24;2022-01-20;136116712056036
2;2026-06-24;2022-01-21;136514560109447
2;2026-06-24;2022-01-22;129975569469685
2;2026-06-24;2022-01-23;129450614718130
2;2026-06-24;2022-01-24;138538598831644
2;2026-06-24;2022-01-25;131892650652205
2;2026-06-24;2022-01-26;157526779116449
2;2026-06-24;2022-01-27;178885646704242
2;2026-06-24;2022-01-28;177754530804473
2;2026-06-24;2022-01-29;176507260890238
2;2026-06-24;2022-01-30;183956178296540
2;2026-06-24;2022-01-31;227036952076732
2;2026-06-24;2022-02-01;186866126341064
2;2026-06-24;2022-02-02;179609176208408
2;2026-06-24;2022-02-03;182502648905950
2;2026-06-24;2022-02-04;195114877583492
2;2026-06-24;2022-02-05;211378219258184
2;2026-06-24;2022-02-06;215052454978125
2;2026-06-24;2022-02-07;205009082941055
2;2026-06-24;2022-02-08;163489545129899
2;2026-06-24;2022-02-09;175357932051469
2;2026-06-24;2022-02-10;198351936143597
2;2026-06-24;2022-02-11;196956758649862
2;2026-06-24;2022-02-12;184679661707379
2;2026-06-24;2022-02-13;166692885400944
2;2026-06-24;2022-02-14;138459161027952
2;2026-06-24;2022-02-15;165384541159443
2;2026-06-24;2022-02-16;155891141410483
2;2026-06-24;2022-02-17;127797701910653
2;2026-06-24;2022-02-18;134380736405451
2;2026-06-24;2022-02-19;161885625522411
2;2026-06-24;2022-02-20;167846056588489
2;2026-06-24;2022-02-21;137853180998356
2;2026-06-24;2022-02-22;108413404594418
2;2026-06-24;2022-02-23;99443330590841
2;2026-06-24;2022-02-24;120794907452149
2;2026-06-24;2022-02-25;117220259492940
2;2026-06-24;2022-02-26;107655194415455
2;2026-06-24;2022-02-27;106481999703003
2;2026-06-24;2022-02-28;111066055380959
2;2026-06-24;2022-03-01;130433630111704
2;2026-06-24;2022-03-02;146110217703399
2;2026-06-24;2022-03-03;202177515037304
2;2026-06-24;2022-03-04;218438865712132
2;2026-06-24;2022-03-05;237989007607574
2;2026-06-24;2022-03-06;257270363460791
2;2026-06-24;2022-03-07;256022924320511
2;2026-06-24;2022-03-08;245518831693230
2;2026-06-24;2022-03-09;251110006048438
2;2026-06-24;2022-03-10;255327598998939
2;2026-06-24;2022-03-11;238039544554620
2;2026-06-24;2022-03-12;236206946097486
2;2026-06-24;2022-03-13;239647840022993
2;2026-06-24;2022-03-14;245674097229561
2;2026-06-24;2022-03-15;227277134151654
2;2026-06-24;2022-03-16;237430780637062
2;2026-06-24;2022-03-17;229270245138406
2;2026-06-24;2022-03-18;218199998879425
2;2026-06-24;2022-03-19;220178919209476
2;2026-06-24;2022-03-20;223854077098530
2;2026-06-24;2022-03-21;191016132981977
2;2026-06-24;2022-03-22;171194081323580
2;2026-06-24;2022-03-23;170467362644513
2;2026-06-24;2022-03-24;169848436897579
2;2026-06-24;2022-03-25;170130457637144
2;2026-06-24;2022-03-26;160479293724911
2;2026-06-24;2022-03-27;155464415024562
2;2026-06-24;2022-03-28;164583225591224
2;2026-06-24;2022-03-29;135930087106410
2;2026-06-24;2022-03-30;128729858734924
2;2026-06-24;2022-03-31;167150219312013
2;2026-06-24;2022-04-01;161091591417568
2;2026-06-24;2022-04-02;144435702673658
2;2026-06-24;2022-04-03;134586806017839
2;2026-06-24;2022-04-04;166628028940159
2;2026-06-24;2022-04-05;117589028405956
2;2026-06-24;2022-04-06;134636787853171
2;2026-06-24;2022-04-07;132354183987055
2;2026-06-24;2022-04-08;118695705446444
2;2026-06-24;2022-04-09;101259251501250
2;2026-06-24;2022-04-10;86678094047217
2;2026-06-24;2022-04-11;77975024827563
2;2026-06-24;2022-04-12;67070754926958
2;2026-06-24;2022-04-13;66343736559406
2;2026-06-24;2022-04-14;66552425784408
2;2026-06-24;2022-04-15;66999094646803
2;2026-06-24;2022-04-16;67288265085430
2;2026-06-24;2022-04-17;66446721877924
2;2026-06-24;2022-04-18;63893435063457
2;2026-06-24;2022-04-19;58846413787081
2;2026-06-24;2022-04-20;51643612110797
2;2026-06-24;2022-04-21;46679374016504
2;2026-06-24;2022-04-22;44110747383856
2;2026-06-24;2022-04-23;41847017172902
2;2026-06-24;2022-04-24;40289403619899
2;2026-06-24;2022-04-25;40980493401887
2;2026-06-24;2022-04-26;36244549775998
2;2026-06-24;2022-04-27;32314608542410
2;2026-06-24;2022-04-28;32580954811693
2;2026-06-24;2022-04-29;31898094469389
2;2026-06-24;2022-04-30;31860766037417
2;2026-06-24;2022-05-01;31456698355533
2;2026-06-24;2022-05-02;30152193667119
2;2026-06-24;2022-05-03;30489676091421
2;2026-06-24;2022-05-04;33084274713161
2;2026-06-24;2022-05-05;30046247653067
2;2026-06-24;2022-05-06;39937938547407
2;2026-06-24;2022-05-07;31989205694140
2;2026-06-24;2022-05-08;30759512439888
2;2026-06-24;2022-05-09;26378537219622
2;2026-06-24;2022-05-10;27704962847855
2;2026-06-24;2022-05-11;30870014516774
2;2026-06-24;2022-05-12;31400150511081
2;2026-06-24;2022-05-13;29241005045369
2;2026-06-24;2022-05-14;26977673666594
2;2026-06-24;2022-05-15;26944373241173
2;2026-06-24;2022-05-16;29850430968455
2;2026-06-24;2022-05-17;29387419180457
2;2026-06-24;2022-05-18;27864145398538
2;2026-06-24;2022-05-19;39171167114171
2;2026-06-24;2022-05-20;39266955286372
2;2026-06-24;2022-05-21;33812098811048
2;2026-06-24;2022-05-22;26158905027380
2;2026-06-24;2022-05-23;29381705814150
2;2026-06-24;2022-05-24;25311415494431
2;2026-06-24;2022-05-25;22593473804573
2;2026-06-24;2022-05-26;23293803410501
2;2026-06-24;2022-05-27;27957504746524
2;2026-06-24;2022-05-28;27827082924291
2;2026-06-24;2022-05-29;29736253702241
2;2026-06-24;2022-05-30;35738641104138
2;2026-06-24;2022-05-31;38939152105278
2;2026-06-24;2022-06-01;55960897408984
2;2026-06-24;2022-06-02;53894369745073
2;2026-06-24;2022-06-03;46092592203353
2;2026-06-24;2022-06-04;42111909275477
2;2026-06-24;2022-06-05;53500269681231
2;2026-06-24;2022-06-06;69475075599626
2;2026-06-24;2022-06-07;58585309618272
2;2026-06-24;2022-06-08;63598282908214
2;2026-06-24;2022-06-09;58029723206810
2;2026-06-24;2022-06-10;58651591439368
2;2026-06-24;2022-06-11;63267881525796
2;2026-06-24;2022-06-12;62912467916338
2;2026-06-24;2022-06-13;65534643419771
2;2026-06-24;2022-06-14;78586576964146
2;2026-06-24;2022-06-15;109393076326231
2;2026-06-24;2022-06-16;121488129945604
2;2026-06-24;2022-06-17;106913363871514
2;2026-06-24;2022-06-18;106464442747197
2;2026-06-24;2022-06-19;105523541473834
2;2026-06-24;2022-06-20;122846791204098
2;2026-06-24;2022-06-21;118601067625722
2;2026-06-24;2022-06-22;124390424905584
2;2026-06-24;2022-06-23;120523447391277
2;2026-06-24;2022-06-24;122779958238709
2;2026-06-24;2022-06-25;115823557187513
2;2026-06-24;2022-06-26;108831065532865
2;2026-06-24;2022-06-27;152851365759348
2;2026-06-24;2022-06-28;132063644167432
2;2026-06-24;2022-06-29;162626043179501
2;2026-06-24;2022-06-30;186399475540061
2;2026-06-24;2022-07-01;175410361092116
2;2026-06-24;2022-07-02;154018159158434
2;2026-06-24;2022-07-03;152915562176546
2;2026-06-24;2022-07-04;148980745494125
2;2026-06-24;2022-07-05;133048209935918
2;2026-06-24;2022-07-06;156952729018517
2;2026-06-24;2022-07-07;176593461577394
2;2026-06-24;2022-07-08;170345938453579
2;2026-06-24;2022-07-09;168525696679603
2;2026-06-24;2022-07-10;164891249471779
2;2026-06-24;2022-07-11;175494768893163
2;2026-06-24;2022-07-12;164821930181453
2;2026-06-24;2022-07-13;190957097418070
2;2026-06-24;2022-07-14;199904316979094
2;2026-06-24;2022-07-15;196819096504797
2;2026-06-24;2022-07-16;193715976016485
2;2026-06-24;2022-07-17;186378685633931
2;2026-06-24;2022-07-18;172371898007759
2;2026-06-24;2022-07-19;177358952013962
2;2026-06-24;2022-07-20;168988513129983
2;2026-06-24;2022-07-21;199475686309746
2;2026-06-24;2022-07-22;177225794555725
2;2026-06-24;2022-07-23;154927753764519
2;2026-06-24;2022-07-24;134809148531032
2;2026-06-24;2022-07-25;117211643873875
2;2026-06-24;2022-07-26;124214263985018
2;2026-06-24;2022-07-27;107037557025589
2;2026-06-24;2022-07-28;106495369988988
2;2026-06-24;2022-07-29;108777311327694
2;2026-06-24;2022-07-30;105996444179651
2;2026-06-24;2022-07-31;106689946254241
2;2026-06-24;2022-08-01;99443938641245
2;2026-06-24;2022-08-02;87816009110430
2;2026-06-24;2022-08-03;81366903530831
2;2026-06-24;2022-08-04;80644037376794
2;2026-06-24;2022-08-05;83251969667546
2;2026-06-24;2022-08-06;83565573366708
2;2026-06-24;2022-08-07;77571716821353
2;2026-06-24;2022-08-08;60737402006491
2;2026-06-24;2022-08-09;56595480877027
2;2026-06-24;2022-08-10;54588953630577
2;2026-06-24;2022-08-11;55074298647422
2;2026-06-24;2022-08-12;55767667309812
2;2026-06-24;2022-08-13;56465717165738
2;2026-06-24;2022-08-14;57870035455528
2;2026-06-24;2022-08-15;63033430777982
2;2026-06-24;2022-08-16;59727812705509
2;2026-06-24;2022-08-17;73419339614662
2;2026-06-24;2022-08-18;56787752223688
2;2026-06-24;2022-08-19;46510395193354
2;2026-06-24;2022-08-20;41650650542742
2;2026-06-24;2022-08-21;42898989238553
2;2026-06-24;2022-08-22;49678793970294
2;2026-06-24;2022-08-23;56306517809956
2;2026-06-24;2022-08-24;58773674707447
2;2026-06-24;2022-08-25;54468319566226
2;2026-06-24;2022-08-26;51233414255108
2;2026-06-24;2022-08-27;46924978650937
2;2026-06-24;2022-08-28;45909478699286
2;2026-06-24;2022-08-29;42637950610258
2;2026-06-24;2022-08-30;43845888119053
2;2026-06-24;2022-08-31;48881965447209
2;2026-06-24;2022-09-01;57063781513107
2;2026-06-24;2022-09-02;60696504539433
2;2026-06-24;2022-09-03;69296803278410
2;2026-06-24;2022-09-04;67936213052597
2;2026-06-24;2022-09-05;62282905999885
2;2026-06-24;2022-09-06;70850237831910
2;2026-06-24;2022-09-07;67267535225924
2;2026-06-24;2022-09-08;72377169226527
2;2026-06-24;2022-09-09;72640193110624
2;2026-06-24;2022-09-10;64539255950014
2;2026-06-24;2022-09-11;54826851894525
2;2026-06-24;2022-09-12;49595460718901
2;2026-06-24;2022-09-13;50233188201299
2;2026-06-24;2022-09-14;55160043302703
2;2026-06-24;2022-09-15;61088018575073
2;2026-06-24;2022-09-16;76139627590984
2;2026-06-24;2022-09-17;74836247046737
2;2026-06-24;2022-09-18;86282475210293
2;2026-06-24;2022-09-19;67621255534952
2;2026-06-24;2022-09-20;70335818681101
2;2026-06-24;2022-09-21;79151699278487
2;2026-06-24;2022-09-22;87837641377180
2;2026-06-24;2022-09-23;88341550341954
2;2026-06-24;2022-09-24;90153178045900
2;2026-06-24;2022-09-25;95394686640825
2;2026-06-24;2022-09-26;95394686640825
2;2026-06-24;2022-09-27;123831504716861
2;2026-06-24;2022-09-28;121409375377112
2;2026-06-24;2022-09-29;125242446633796
2;2026-06-24;2022-09-30;138377813259274
2;2026-06-24;2022-10-01;155881446201172
2;2026-06-24;2022-10-02;149040547604221
2;2026-06-24;2022-10-03;140657712621737
2;2026-06-24;2022-10-04;162867267407668
2;2026-06-24;2022-10-05;181552944356113
2;2026-06-24;2022-10-06;180050459326097
2;2026-06-24;2022-10-07;171165102783802
2;2026-06-24;2022-10-08;179613383870243
2;2026-06-24;2022-10-09;184419088316142
2;2026-06-24;2022-10-10;158233841849857
2;2026-06-24;2022-10-11;140224085748218
2;2026-06-24;2022-10-12;141002741485104
2;2026-06-24;2022-10-13;182479962640457
2;2026-06-24;2022-10-14;187156071337352
2;2026-06-24;2022-10-15;173726534713234
2;2026-06-24;2022-10-16;161539259350193
2;2026-06-24;2022-10-17;194014500464970
2;2026-06-24;2022-10-18;158566433028131
2;2026-06-24;2022-10-19;148641620981040
2;2026-06-24;2022-10-20;189158489485026
2;2026-06-24;2022-10-21;179748719789073
2;2026-06-24;2022-10-22;163943544367928
2;2026-06-24;2022-10-23;181181489239805
2;2026-06-24;2022-10-24;164305482126761
2;2026-06-24;2022-10-25;130352283184031
2;2026-06-24;2022-10-26;128383707716171
2;2026-06-24;2022-10-27;129334021557624
2;2026-06-24;2022-10-28;115443250438654
2;2026-06-24;2022-10-29;103629662898275
2;2026-06-24;2022-10-30;101172799155490
2;2026-06-24;2022-10-31;99697184515993
2;2026-06-24;2022-11-01;97106692649447
2;2026-06-24;2022-11-02;99663398699867
2;2026-06-24;2022-11-03;126925047118542
2;2026-06-24;2022-11-04;125309968937923
2;2026-06-24;2022-11-05;112043820490837
2;2026-06-24;2022-11-06;116230110165876
2;2026-06-24;2022-11-07;76569384956735
2;2026-06-24;2022-11-08;71695430357132
2;2026-06-24;2022-11-09;82403070509515
2;2026-06-24;2022-11-10;77897783742305
2;2026-06-24;2022-11-11;79735809875210
2;2026-06-24;2022-11-12;84392529190742
2;2026-06-24;2022-11-13;81068975959349
2;2026-06-24;2022-11-14;87022652465088
2;2026-06-24;2022-11-15;103557137000658
2;2026-06-24;2022-11-16;111376980208380
2;2026-06-24;2022-11-17;109910020944748
2;2026-06-24;2022-11-18;100132144618913
2;2026-06-24;2022-11-19;89526497619629
2;2026-06-24;2022-11-20;95809401731372
2;2026-06-24;2022-11-21;77246761207746
2;2026-06-24;2022-11-22;87071085163457
2;2026-06-24;2022-11-23;112027957201586
2;2026-06-24;2022-11-24;123281316993798
2;2026-06-24;2022-11-25;119972986415084
2;2026-06-24;2022-11-26;112437082639436
2;2026-06-24;2022-11-27;119040717755865
2;2026-06-24;2022-11-28;106214584562099
2;2026-06-24;2022-11-29;106502633240547
2;2026-06-24;2022-11-30;115340522601952
2;2026-06-24;2022-12-01;109419659984700
2;2026-06-24;2022-12-02;106186298241616
2;2026-06-24;2022-12-03;110400095242867
2;2026-06-24;2022-12-04;112151948055741
2;2026-06-24;2022-12-05;110702258810000
2;2026-06-24;2022-12-06;124810531791514
2;2026-06-24;2022-12-07;121647019011562
2;2026-06-24;2022-12-08;116962997308225
2;2026-06-24;2022-12-09;109104961537656
2;2026-06-24;2022-12-10;116406903692702
2;2026-06-24;2022-12-11;123141142933992
2;2026-06-24;2022-12-12;113854070513469
2;2026-06-24;2022-12-13;126490739878089
2;2026-06-24;2022-12-14;168009422101741
2;2026-06-24;2022-12-15;197000861108266
2;2026-06-24;2022-12-16;204641002583300
2;2026-06-24;2022-12-17;206855452150167
2;2026-06-24;2022-12-18;230477436324146
2;2026-06-24;2022-12-19;237343307066699
2;2026-06-24;2022-12-20;244974340337021
2;2026-06-24;2022-12-21;203937163363775
2;2026-06-24;2022-12-22;247805200897090
2;2026-06-24;2022-12-23;250100453464195
2;2026-06-24;2022-12-24;226562111159261
2;2026-06-24;2022-12-25;240192756752707
2;2026-06-24;2022-12-26;187465755265362
2;2026-06-24;2022-12-27;185569660261886
2;2026-06-24;2022-12-28;195673505751674
2;2026-06-24;2022-12-29;210575500436569
2;2026-06-24;2022-12-30;210054976975868
2;2026-06-24;2022-12-31;214318501685820
2;2026-06-24;2023-01-01;204044212394967
2;2026-06-24;2023-01-02;135621304026744
2;2026-06-24;2023-01-03;132217233379758
2;2026-06-24;2023-01-04;126058757582491
2;2026-06-24;2023-01-05;102349169474200
2;2026-06-24;2023-01-06;99796846392597
2;2026-06-24;2023-01-07;95483024922393
2;2026-06-24;2023-01-08;88849132787218
2;2026-06-24;2023-01-09;82024794762788
2;2026-06-24;2023-01-10;76376980034228
2;2026-06-24;2023-01-11;71667231875285
2;2026-06-24;2023-01-12;69536964205868
2;2026-06-24;2023-01-13;70950307841492
2;2026-06-24;2023-01-14;66720909763560
2;2026-06-24;2023-01-15;61626958907242
2;2026-06-24;2023-01-16;56836947086512
2;2026-06-24;2023-01-17;40982997201360
2;2026-06-24;2023-01-18;44359269540808
2;2026-06-24;2023-01-19;43609289941983
2;2026-06-24;2023-01-20;41699820633171
2;2026-06-24;2023-01-21;41282328021681
2;2026-06-24;2023-01-22;42369728913812
2;2026-06-24;2023-01-23;38955852798871
2;2026-06-24;2023-01-24;40012718512682
2;2026-06-24;2023-01-25;46470149657786
2;2026-06-24;2023-01-26;48323122200120
2;2026-06-24;2023-01-27;50633309862838
2;2026-06-24;2023-01-28;45839254519970
2;2026-06-24;2023-01-29;48078358472929
2;2026-06-24;2023-01-30;51185920966536
2;2026-06-24;2023-01-31;54800481359764
2;2026-06-24;2023-02-01;74457392538023
2;2026-06-24;2023-02-02;76564418932027
2;2026-06-24;2023-02-03;79159551710615
2;2026-06-24;2023-02-04;77716538215307
2;2026-06-24;2023-02-05;77930129107928
2;2026-06-24;2023-02-06;70007667536369
2;2026-06-24;2023-02-07;68137924615882
2;2026-06-24;2023-02-08;72968837616230
2;2026-06-24;2023-02-09;75584878866626
2;2026-06-24;2023-02-10;75869367319016
2;2026-06-24;2023-02-11;77352178501756
2;2026-06-24;2023-02-12;82837624486366
2;2026-06-24;2023-02-13;85352551520560
2;2026-06-24;2023-02-14;89934671242655
2;2026-06-24;2023-02-15;116260801289068
2;2026-06-24;2023-02-16;117297513084059
2;2026-06-24;2023-02-17;112887214578137
2;2026-06-24;2023-02-18;127670758209558
2;2026-06-24;2023-02-19;139556081055867
2;2026-06-24;2023-02-20;137894279749931
2;2026-06-24;2023-02-21;138358125481632
2;2026-06-24;2023-02-22;156995734650169
2;2026-06-24;2023-02-23;168796169836105
2;2026-06-24;2023-02-24;178565498082128
2;2026-06-24;2023-02-25;190986403590719
2;2026-06-24;2023-02-26;213768488375144
2;2026-06-24;2023-02-27;216049384073550
2;2026-06-24;2023-02-28;213473389710240
2;2026-06-24;2023-03-01;196886980947707
2;2026-06-24;2023-03-02;196222087698528
2;2026-06-24;2023-03-03;209033255673437
2;2026-06-24;2023-03-04;221146721640158
2;2026-06-24;2023-03-05;234333795499528
2;2026-06-24;2023-03-06;239689967282168
2;2026-06-24;2023-03-07;234744829653858
2;2026-06-24;2023-03-08;215310744359051
2;2026-06-24;2023-03-09;222493206403818
2;2026-06-24;2023-03-10;223375152150745
2;2026-06-24;2023-03-11;217971183256161
2;2026-06-24;2023-03-12;200694596398291
2;2026-06-24;2023-03-13;161385886043603
2;2026-06-24;2023-03-14;156949363785010
2;2026-06-24;2023-03-15;130418354607171
2;2026-06-24;2023-03-16;151645335212594
2;2026-06-24;2023-03-17;167597644620143
2;2026-06-24;2023-03-18;176866244464796
2;2026-06-24;2023-03-19;178936456735396
2;2026-06-24;2023-03-20;183505584422784
2;2026-06-24;2023-03-21;177119521236532
2;2026-06-24;2023-03-22;194878973336154
2;2026-06-24;2023-03-23;200564418823411
2;2026-06-24;2023-03-24;191858351816766
2;2026-06-24;2023-03-25;180237847171821
2;2026-06-24;2023-03-26;163946511567527
2;2026-06-24;2023-03-27;122380540763817
2;2026-06-24;2023-03-28;125065210790894
2;2026-06-24;2023-03-29;136605885308477
2;2026-06-24;2023-03-30;142821466539016
2;2026-06-24;2023-03-31;147931944832140
2;2026-06-24;2023-04-01;130776768728469
2;2026-06-24;2023-04-02;113744746569015
2;2026-06-24;2023-04-03;83016912395100
2;2026-06-24;2023-04-04;86938652616307
2;2026-06-24;2023-04-05;92126814037806
2;2026-06-24;2023-04-06;111602810110420
2;2026-06-24;2023-04-07;108218674958387
2;2026-06-24;2023-04-08;105645526205805
2;2026-06-24;2023-04-09;100053917125124
2;2026-06-24;2023-04-10;110608733585582
2;2026-06-24;2023-04-11;110143723791578
2;2026-06-24;2023-04-12;112426995877820
2;2026-06-24;2023-04-13;101702751848330
2;2026-06-24;2023-04-14;101035221682877
2;2026-06-24;2023-04-15;93854320753498
2;2026-06-24;2023-04-16;72997872202358
2;2026-06-24;2023-04-17;63671956158672
2;2026-06-24;2023-04-18;61855459221717
2;2026-06-24;2023-04-19;57214471079056
2;2026-06-24;2023-04-20;54939635398504
2;2026-06-24;2023-04-21;62342858514239
2;2026-06-24;2023-04-22;61473169823697
2;2026-06-24;2023-04-23;66447038252922
2;2026-06-24;2023-04-24;65466885241975
2;2026-06-24;2023-04-25;55672280953374
2;2026-06-24;2023-04-26;51845212911398
2;2026-06-24;2023-04-27;49545458385403
2;2026-06-24;2023-04-28;50508344356473
2;2026-06-24;2023-04-29;47954568808199
2;2026-06-24;2023-04-30;57920481593299
2;2026-06-24;2023-05-01;54384603828616
2;2026-06-24;2023-05-02;51730181789004
2;2026-06-24;2023-05-03;56702928714181
2;2026-06-24;2023-05-04;53913161787294
2;2026-06-24;2023-05-05;57292825443365
2;2026-06-24;2023-05-06;54181750801771
2;2026-06-24;2023-05-07;52147022969643
2;2026-06-24;2023-05-08;41800459107863
2;2026-06-24;2023-05-09;49731175255547
2;2026-06-24;2023-05-10;34182208982087
2;2026-06-24;2023-05-11;33017323424252
2;2026-06-24;2023-05-12;34389654477683
2;2026-06-24;2023-05-13;30697688632185
2;2026-06-24;2023-05-14;31493366449078
2;2026-06-24;2023-05-15;21578719890589
2;2026-06-24;2023-05-16;19714751836839
2;2026-06-24;2023-05-17;18815259870369
2;2026-06-24;2023-05-18;17718726691588
2;2026-06-24;2023-05-19;17495136296045
2;2026-06-24;2023-05-20;17294032913492
2;2026-06-24;2023-05-21;16234170412529
2;2026-06-24;2023-05-22;17180559423299
2;2026-06-24;2023-05-23;16604158548753
2;2026-06-24;2023-05-24;14792766164710
2;2026-06-24;2023-05-25;15181118517625
2;2026-06-24;2023-05-26;17815278546150
2;2026-06-24;2023-05-27;17922682755647
2;2026-06-24;2023-05-28;17182039281933
2;2026-06-24;2023-05-29;16404680341253
2;2026-06-24;2023-05-30;15884697570394
2;2026-06-24;2023-05-31;13396123516014
2;2026-06-24;2023-06-01;13752022778061
2;2026-06-24;2023-06-02;13464445844443
2;2026-06-24;2023-06-03;12959038548939
2;2026-06-24;2023-06-04;13055026831807
2;2026-06-24;2023-06-05;10569548144353
2;2026-06-24;2023-06-06;10582171227509
2;2026-06-24;2023-06-07;13784040249804
2;2026-06-24;2023-06-08;13859939978446
2;2026-06-24;2023-06-09;12006131713731
2;2026-06-24;2023-06-10;9616289378001
2;2026-06-24;2023-06-11;8700795867399
2;2026-06-24;2023-06-12;7442636825351
2;2026-06-24;2023-06-13;7088376297427
2;2026-06-24;2023-06-14;7792730844079
2;2026-06-24;2023-06-15;7513658560134
2;2026-06-24;2023-06-16;7594665141139
2;2026-06-24;2023-06-17;7796185108237
2;2026-06-24;2023-06-18;7159733407137
2;2026-06-24;2023-06-19;7190233979273
2;2026-06-24;2023-06-20;8733049381606
2;2026-06-24;2023-06-21;6962370347534
2;2026-06-24;2023-06-22;7432040973195
2;2026-06-24;2023-06-23;6867514786157
2;2026-06-24;2023-06-24;5128328456729
2;2026-06-24;2023-06-25;4761717652765
2;2026-06-24;2023-06-26;4593717217815
2;2026-06-24;2023-06-27;5627331438738
2;2026-06-24;2023-06-28;5657554896824
2;2026-06-24;2023-06-29;5730631136384
2;2026-06-24;2023-06-30;5472523724284
2;2026-06-24;2023-07-01;5283109073790
2;2026-06-24;2023-07-02;4364669982816
2;2026-06-24;2023-07-03;4533191982432
2;2026-06-24;2023-07-04;4943564151410
2;2026-06-24;2023-07-05;5776755548617
2;2026-06-24;2023-07-06;5804876171695
2;2026-06-24;2023-07-07;5715521953622
2;2026-06-24;2023-07-08;6262296207284
2;2026-06-24;2023-07-09;6585881581625
2;2026-06-24;2023-07-10;7392547390752
2;2026-06-24;2023-07-11;7682241679860
2;2026-06-24;2023-07-12;8327305502762
2;2026-06-24;2023-07-13;7651851152963
2;2026-06-24;2023-07-14;7951138924982
2;2026-06-24;2023-07-15;8610902752522
2;2026-06-24;2023-07-16;8201089983838
2;2026-06-24;2023-07-17;9304490577819
2;2026-06-24;2023-07-18;9807660613217
2;2026-06-24;2023-07-19;9948859661357
2;2026-06-24;2023-07-20;9911589310698
2;2026-06-24;2023-07-21;9862747053333
2;2026-06-24;2023-07-22;8716336558372
2;2026-06-24;2023-07-23;9397512269968
2;2026-06-24;2023-07-24;10264863355144
2;2026-06-24;2023-07-25;9933496058246
2;2026-06-24;2023-07-26;11901793180077
2;2026-06-24;2023-07-27;14040417205338
2;2026-06-24;2023-07-28;15160324251834
2;2026-06-24;2023-07-29;17207563048175
2;2026-06-24;2023-07-30;19723526118154
2;2026-06-24;2023-07-31;20978955728877
2;2026-06-24;2023-08-01;19159240550848
2;2026-06-24;2023-08-02;19183276232819
2;2026-06-24;2023-08-03;15678484296857
2;2026-06-24;2023-08-04;17186984674207
2;2026-06-24;2023-08-05;19517117777693
2;2026-06-24;2023-08-06;22410474282835
2;2026-06-24;2023-08-07;27055419013340
2;2026-06-24;2023-08-08;28258122755117
2;2026-06-24;2023-08-09;24875980708879
2;2026-06-24;2023-08-10;28246538811830
2;2026-06-24;2023-08-11;27828188558444
2;2026-06-24;2023-08-12;32525688840411
2;2026-06-24;2023-08-13;34197838378305
2;2026-06-24;2023-08-14;33993879165954
2;2026-06-24;2023-08-15;29984067817803
2;2026-06-24;2023-08-16;28744289057584
2;2026-06-24;2023-08-17;31830303123111
2;2026-06-24;2023-08-18;30733362502285
2;2026-06-24;2023-08-19;30664235954042
2;2026-06-24;2023-08-20;28315614924091
2;2026-06-24;2023-08-21;26893293710957
2;2026-06-24;2023-08-22;29483647114117
2;2026-06-24;2023-08-23;32434618585152
2;2026-06-24;2023-08-24;34066545400521
2;2026-06-24;2023-08-25;35660139179454
2;2026-06-24;2023-08-26;36253431864702
2;2026-06-24;2023-08-27;39300187792722
2;2026-06-24;2023-08-28;35396806224389
2;2026-06-24;2023-08-29;35043521051383
2;2026-06-24;2023-08-30;36465192706334
2;2026-06-24;2023-08-31;39819558963721
2;2026-06-24;2023-09-01;39459791011862
2;2026-06-24;2023-09-02;39841015172740
2;2026-06-24;2023-09-03;45210579378441
2;2026-06-24;2023-09-04;48362017151933
2;2026-06-24;2023-09-05;46136720638271
2;2026-06-24;2023-09-06;47665556517005
2;2026-06-24;2023-09-07;46580608324128
2;2026-06-24;2023-09-08;47873451841475
2;2026-06-24;2023-09-09;48508611898418
2;2026-06-24;2023-09-10;46905746915915
2;2026-06-24;2023-09-11;43479026223984
2;2026-06-24;2023-09-12;46107008945205
2;2026-06-24;2023-09-13;47134644469765
2;2026-06-24;2023-09-14;45915607456528
2;2026-06-24;2023-09-15;44990539984206
2;2026-06-24;2023-09-16;44275026469064
2;2026-06-24;2023-09-17;44519623202581
2;2026-06-24;2023-09-18;50645372881116
2;2026-06-24;2023-09-19;49217258718669
2;2026-06-24;2023-09-20;47053034233725
2;2026-06-24;2023-09-21;50291490047648
2;2026-06-24;2023-09-22;48750621664744
2;2026-06-24;2023-09-23;47653503106856
2;2026-06-24;2023-09-24;49384200652635
2;2026-06-24;2023-09-25;50217409862158
2;2026-06-24;2023-09-26;51478210003676
2;2026-06-24;2023-09-27;52973942756570
2;2026-06-24;2023-09-28;48096146178615
2;2026-06-24;2023-09-29;50430907468801
2;2026-06-24;2023-09-30;50312799778010
2;2026-06-24;2023-10-01;51113762069446
2;2026-06-24;2023-10-02;54307288555333
2;2026-06-24;2023-10-03;57632803804923
2;2026-06-24;2023-10-04;60683146250466
2;2026-06-24;2023-10-05;65226550519144
2;2026-06-24;2023-10-06;65012771387928
2;2026-06-24;2023-10-07;63836444835940
2;2026-06-24;2023-10-08;62176033776322
2;2026-06-24;2023-10-09;59027016410716
2;2026-06-24;2023-10-10;54985884719111
2;2026-06-24;2023-10-11;59580964748999
2;2026-06-24;2023-10-12;66593355409706
2;2026-06-24;2023-10-13;64452495037286
2;2026-06-24;2023-10-14;60455837452774
2;2026-06-24;2023-10-15;56245596145001
2;2026-06-24;2023-10-16;43102359818105
2;2026-06-24;2023-10-17;44710457498081
2;2026-06-24;2023-10-18;50216567860403
2;2026-06-24;2023-10-19;58651600265637
2;2026-06-24;2023-10-20;63782040318505
2;2026-06-24;2023-10-21;65285171981629
2;2026-06-24;2023-10-22;74180997841852
2;2026-06-24;2023-10-23;72219562786474
2;2026-06-24;2023-10-24;72844365453828
2;2026-06-24;2023-10-25;77461961858762
2;2026-06-24;2023-10-26;75524306092956
2;2026-06-24;2023-10-27;76096843662258
2;2026-06-24;2023-10-28;77039363051740
2;2026-06-24;2023-10-29;91626397250778
2;2026-06-24;2023-10-30;92336097154862
2;2026-06-24;2023-10-31;92147038937728
2;2026-06-24;2023-11-01;97816766583910
2;2026-06-24;2023-11-02;107001516302705
2;2026-06-24;2023-11-03;108239831360465
2;2026-06-24;2023-11-04;111251804132205
2;2026-06-24;2023-11-05;125338844750008
2;2026-06-24;2023-11-06;117045944432378
2;2026-06-24;2023-11-07;117267791314468
2;2026-06-24;2023-11-08;122950657536045
2;2026-06-24;2023-11-09;119602464120283
2;2026-06-24;2023-11-10;120103189322543
2;2026-06-24;2023-11-11;121762527516179
2;2026-06-24;2023-11-12;105240406914037
2;2026-06-24;2023-11-13;126876877028756
2;2026-06-24;2023-11-14;137448055730395
2;2026-06-24;2023-11-15;145365606188525
2;2026-06-24;2023-11-16;144088078666801
2;2026-06-24;2023-11-17;144188696695435
2;2026-06-24;2023-11-18;144134626340731
2;2026-06-24;2023-11-19;141504053856826
2;2026-06-24;2023-11-20;142312706225830
2;2026-06-24;2023-11-21;140129459346416
2;2026-06-24;2023-11-22;149848439631265
2;2026-06-24;2023-11-23;159956998955518
2;2026-06-24;2023-11-24;162570497984654
2;2026-06-24;2023-11-25;165700272513161
2;2026-06-24;2023-11-26;194688970988951
2;2026-06-24;2023-11-27;199130724289053
2;2026-06-24;2023-11-28;214833179592592
2;2026-06-24;2023-11-29;219217687247480
2;2026-06-24;2023-11-30;212148399529514
2;2026-06-24;2023-12-01;211350770903904
2;2026-06-24;2023-12-02;214426141483262
2;2026-06-24;2023-12-03;235147750080941
2;2026-06-24;2023-12-04;312094960497490
2;2026-06-24;2023-12-05;335416081243936
2;2026-06-24;2023-12-06;348305771377211
2;2026-06-24;2023-12-07;347960710610123
2;2026-06-24;2023-12-08;353123541360536
2;2026-06-24;2023-12-09;365575113084516
2;2026-06-24;2023-12-10;393610072155500
2;2026-06-24;2023-12-11;414673440821187
2;2026-06-24;2023-12-12;404902512180704
2;2026-06-24;2023-12-13;402388402275724
2;2026-06-24;2023-12-14;403553834334478
2;2026-06-24;2023-12-15;399775141814330
2;2026-06-24;2023-12-16;410253449777516
2;2026-06-24;2023-12-17;421962082403040
2;2026-06-24;2023-12-18;405282065142105
2;2026-06-24;2023-12-19;430380414347544
2;2026-06-24;2023-12-20;434901575732324
2;2026-06-24;2023-12-21;426696901773921
2;2026-06-24;2023-12-22;424610164241022
2;2026-06-24;2023-12-23;423665955082038
2;2026-06-24;2023-12-24;424383995903999
2;2026-06-24;2023-12-25;428415125226737
2;2026-06-24;2023-12-26;363298204345380
2;2026-06-24;2023-12-27;328973254413818
2;2026-06-24;2023-12-28;263957247539399
2;2026-06-24;2023-12-29;261162935754035
2;2026-06-24;2023-12-30;248218926903844
2;2026-06-24;2023-12-31;248891932239663
2;2026-06-24;2024-01-01;249517558550665
2;2026-06-24;2024-01-02;237015553909575
2;2026-06-24;2024-01-03;218937716944416
2;2026-06-24;2024-01-04;185776658145875
2;2026-06-24;2024-01-05;171429766360909
2;2026-06-24;2024-01-06;150113959309607
2;2026-06-24;2024-01-07;130072582276715
2;2026-06-24;2024-01-08;117125198357476
2;2026-06-24;2024-01-09;107871778802152
2;2026-06-24;2024-01-10;97689388225250
2;2026-06-24;2024-01-11;85076042823232
2;2026-06-24;2024-01-12;84838246017697
2;2026-06-24;2024-01-13;82321551072534
2;2026-06-24;2024-01-14;81092917772005
2;2026-06-24;2024-01-15;86738839337605
2;2026-06-24;2024-01-16;78406548383765
2;2026-06-24;2024-01-17;71049277258673
2;2026-06-24;2024-01-18;59960922127930
2;2026-06-24;2024-01-19;58769054729543
2;2026-06-24;2024-01-20;56412973168434
2;2026-06-24;2024-01-21;55327470287602
2;2026-06-24;2024-01-22;60390268433496
2;2026-06-24;2024-01-23;62940987771856
2;2026-06-24;2024-01-24;64792188511424
2;2026-06-24;2024-01-25;68359206979274
2;2026-06-24;2024-01-26;65379893556111
2;2026-06-24;2024-01-27;62019532742098
2;2026-06-24;2024-01-28;59178163590353
2;2026-06-24;2024-01-29;56976416738869
2;2026-06-24;2024-01-30;55306614502303
2;2026-06-24;2024-01-31;54430362074301
2;2026-06-24;2024-02-01;49485879316505
2;2026-06-24;2024-02-02;48625802331709
2;2026-06-24;2024-02-03;46216010946483
2;2026-06-24;2024-02-04;46300131466318
2;2026-06-24;2024-02-05;42796654323154
2;2026-06-24;2024-02-06;43593909167223
2;2026-06-24;2024-02-07;42255747704468
2;2026-06-24;2024-02-08;40657710177918
2;2026-06-24;2024-02-09;38446897891798
2;2026-06-24;2024-02-10;33310228508957
2;2026-06-24;2024-02-11;31938163360962
2;2026-06-24;2024-02-12;25366716286580
2;2026-06-24;2024-02-13;24708568638483
2;2026-06-24;2024-02-14;23674141777210
2;2026-06-24;2024-02-15;21688732170596
2;2026-06-24;2024-02-16;20247718338758
2;2026-06-24;2024-02-17;19962813126634
2;2026-06-24;2024-02-18;19887265908704
2;2026-06-24;2024-02-19;17939273810931
2;2026-06-24;2024-02-20;17383866125941
2;2026-06-24;2024-02-21;18101385664915
2;2026-06-24;2024-02-22;17513288646635
2;2026-06-24;2024-02-23;16075905092663
2;2026-06-24;2024-02-24;15442399518936
2;2026-06-24;2024-02-25;14302988053119
2;2026-06-24;2024-02-26;13882331357085
2;2026-06-24;2024-02-27;13003651882186
2;2026-06-24;2024-02-28;10780736789388
2;2026-06-24;2024-02-29;9547792771119
2;2026-06-24;2024-03-01;9566226152396
2;2026-06-24;2024-03-02;9911685169293
2;2026-06-24;2024-03-03;9217449909952
2;2026-06-24;2024-03-04;8899509978464
2;2026-06-24;2024-03-05;9510577039888
2;2026-06-24;2024-03-06;9418374342276
2;2026-06-24;2024-03-07;10765465261238
2;2026-06-24;2024-03-08;10914246103125
2;2026-06-24;2024-03-09;13335487822014
2;2026-06-24;2024-03-10;13769317392445
2;2026-06-24;2024-03-11;14001955580115
2;2026-06-24;2024-03-12;13191317955596
2;2026-06-24;2024-03-13;12481693831213
2;2026-06-24;2024-03-14;11041934771653
2;2026-06-24;2024-03-15;10573618246071
2;2026-06-24;2024-03-16;9486313073884
2;2026-06-24;2024-03-17;9059945601884
2;2026-06-24;2024-03-18;9158790414254
2;2026-06-24;2024-03-19;8338763077388
2;2026-06-24;2024-03-20;8388040991119
2;2026-06-24;2024-03-21;7282424022637
2;2026-06-24;2024-03-22;7307186482435
2;2026-06-24;2024-03-23;7824517289914
2;2026-06-24;2024-03-24;8655535601127
2;2026-06-24;2024-03-25;9167962226292
2;2026-06-24;2024-03-26;8517456588287
2;2026-06-24;2024-03-27;8415726626806
2;2026-06-24;2024-03-28;11556272027235
2;2026-06-24;2024-03-29;11646853404681
2;2026-06-24;2024-03-30;11653091208547
2;2026-06-24;2024-03-31;12017255905084
2;2026-06-24;2024-04-01;9513403938549
2;2026-06-24;2024-04-02;8983902750899
2;2026-06-24;2024-04-03;7256874991730
2;2026-06-24;2024-04-04;7278958392008
2;2026-06-24;2024-04-05;7252663678878
2;2026-06-24;2024-04-06;6954258429362
2;2026-06-24;2024-04-07;7313361335764
2;2026-06-24;2024-04-08;6710947330018
2;2026-06-24;2024-04-09;6682344144525
2;2026-06-24;2024-04-10;7209303963246
2;2026-06-24;2024-04-11;7915977385153
2;2026-06-24;2024-04-12;7967343955753
2;2026-06-24;2024-04-13;7907757719130
2;2026-06-24;2024-04-14;8535885512742
2;2026-06-24;2024-04-15;7218443834875
2;2026-06-24;2024-04-16;7675334244938
2;2026-06-24;2024-04-17;8502381301434
2;2026-06-24;2024-04-18;9267868515913
2;2026-06-24;2024-04-19;9602396093928
2;2026-06-24;2024-04-20;9813205197247
2;2026-06-24;2024-04-21;8469485376448
2;2026-06-24;2024-04-22;7542304326724
2;2026-06-24;2024-04-23;7950041069328
2;2026-06-24;2024-04-24;8929699554329
2;2026-06-24;2024-04-25;11976660248528
2;2026-06-24;2024-04-26;11964284411590
2;2026-06-24;2024-04-27;11152375160015
2;2026-06-24;2024-04-28;14938630565997
2;2026-06-24;2024-04-29;13916537871294
2;2026-06-24;2024-04-30;14652752288996
2;2026-06-24;2024-05-01;13877327429042
2;2026-06-24;2024-05-02;14938350887786
2;2026-06-24;2024-05-03;14891404412157
2;2026-06-24;2024-05-04;13993466989884
2;2026-06-24;2024-05-05;14056011710388
2;2026-06-24;2024-05-06;12489393156099
2;2026-06-24;2024-05-07;9667157988452
2;2026-06-24;2024-05-08;9644822779361
2;2026-06-24;2024-05-09;9389873100056
2;2026-06-24;2024-05-10;10512502095879
2;2026-06-24;2024-05-11;10429900992284
2;2026-06-24;2024-05-12;11928476990452
2;2026-06-24;2024-05-13;13886186334940
2;2026-06-24;2024-05-14;14263792720305
2;2026-06-24;2024-05-15;15433642122720
2;2026-06-24;2024-05-16;15149485723262
2;2026-06-24;2024-05-17;14363865159049
2;2026-06-24;2024-05-18;13803591254567
2;2026-06-24;2024-05-19;13809325026603
2;2026-06-24;2024-05-20;12781747338338
2;2026-06-24;2024-05-21;12349617971779
2;2026-06-24;2024-05-22;12995109556467
2;2026-06-24;2024-05-23;16566407380746
2;2026-06-24;2024-05-24;16845962439353
2;2026-06-24;2024-05-25;16312724903650
2;2026-06-24;2024-05-26;16782687209310
2;2026-06-24;2024-05-27;19242295748610
2;2026-06-24;2024-05-28;20857984675766
2;2026-06-24;2024-05-29;21367321396758
2;2026-06-24;2024-05-30;20826272321289
2;2026-06-24;2024-05-31;20971936606687
2;2026-06-24;2024-06-01;21048897347422
2;2026-06-24;2024-06-02;21758243390187
2;2026-06-24;2024-06-03;19573973555352
2;2026-06-24;2024-06-04;20702129987483
2;2026-06-24;2024-06-05;24030717741099
2;2026-06-24;2024-06-06;27364374718884
2;2026-06-24;2024-06-07;28490815931882
2;2026-06-24;2024-06-08;30279427703953
2;2026-06-24;2024-06-09;31570130096185
2;2026-06-24;2024-06-10;34348279233652
2;2026-06-24;2024-06-11;38596944871701
2;2026-06-24;2024-06-12;42041767335978
2;2026-06-24;2024-06-13;49302744570521
2;2026-06-24;2024-06-14;54091778230061
2;2026-06-24;2024-06-15;58126713261015
2;2026-06-24;2024-06-16;59207773946990
2;2026-06-24;2024-06-17;58851558570811
2;2026-06-24;2024-06-18;62412558198672
2;2026-06-24;2024-06-19;62692836810571
2;2026-06-24;2024-06-20;67758306817882
2;2026-06-24;2024-06-21;73995477799105
2;2026-06-24;2024-06-22;73962953326524
2;2026-06-24;2024-06-23;77943399623491
2;2026-06-24;2024-06-24;79917480553329
2;2026-06-24;2024-06-25;72841447095515
2;2026-06-24;2024-06-26;69039196024161
2;2026-06-24;2024-06-27;76851189601663
2;2026-06-24;2024-06-28;79778882983476
2;2026-06-24;2024-06-29;84979779783790
2;2026-06-24;2024-06-30;87627388917270
2;2026-06-24;2024-07-01;86624960590786
2;2026-06-24;2024-07-02;90248861417478
2;2026-06-24;2024-07-03;98702755105801
2;2026-06-24;2024-07-04;102074884419667
2;2026-06-24;2024-07-05;97673611301966
2;2026-06-24;2024-07-06;92940508871899
2;2026-06-24;2024-07-07;92693237049859
2;2026-06-24;2024-07-08;92007275221394
2;2026-06-24;2024-07-09;98130882655158
2;2026-06-24;2024-07-10;103398503209243
2;2026-06-24;2024-07-11;106598740968008
2;2026-06-24;2024-07-12;116970560825323
2;2026-06-24;2024-07-13;116025182832995
2;2026-06-24;2024-07-14;117982382278541
2;2026-06-24;2024-07-15;123047089471773
2;2026-06-24;2024-07-16;130602551185338
2;2026-06-24;2024-07-17;130918806251577
2;2026-06-24;2024-07-18;127051792711905
2;2026-06-24;2024-07-19;120406424129216
2;2026-06-24;2024-07-20;117215998806002
2;2026-06-24;2024-07-21;116036063101802
2;2026-06-24;2024-07-22;114708634652144
2;2026-06-24;2024-07-23;116616403865669
2;2026-06-24;2024-07-24;112172756136996
2;2026-06-24;2024-07-25;112838582925320
2;2026-06-24;2024-07-26;114785625058688
2;2026-06-24;2024-07-27;107023304507218
2;2026-06-24;2024-07-28;105760641373779
2;2026-06-24;2024-07-29;101746816393584
2;2026-06-24;2024-07-30;102102823578043
2;2026-06-24;2024-07-31;102132663729263
2;2026-06-24;2024-08-01;108631546655165
2;2026-06-24;2024-08-02;103804044866796
2;2026-06-24;2024-08-03;102626784613063
2;2026-06-24;2024-08-04;92889583068020
2;2026-06-24;2024-08-05;73318245879484
2;2026-06-24;2024-08-06;67991135669404
2;2026-06-24;2024-08-07;64413151805388
2;2026-06-24;2024-08-08;57696607118336
2;2026-06-24;2024-08-09;57508090537230
2;2026-06-24;2024-08-10;56335208304077
2;2026-06-24;2024-08-11;55841415724718
2;2026-06-24;2024-08-12;53756611404187
2;2026-06-24;2024-08-13;56020315408575
2;2026-06-24;2024-08-14;58230431435245
2;2026-06-24;2024-08-15;57273409018771
2;2026-06-24;2024-08-16;56475064929893
2;2026-06-24;2024-08-17;54363966230669
2;2026-06-24;2024-08-18;56590338386595
2;2026-06-24;2024-08-19;54176694854807
2;2026-06-24;2024-08-20;57830123683902
2;2026-06-24;2024-08-21;57399142389068
2;2026-06-24;2024-08-22;60779730732156
2;2026-06-24;2024-08-23;57097557716378
2;2026-06-24;2024-08-24;56909264709163
2;2026-06-24;2024-08-25;55786343322558
2;2026-06-24;2024-08-26;51161179926860
2;2026-06-24;2024-08-27;47583727791361
2;2026-06-24;2024-08-28;47370237150118
2;2026-06-24;2024-08-29;48804897199222
2;2026-06-24;2024-08-30;49241683832619
2;2026-06-24;2024-08-31;50153931822371
2;2026-06-24;2024-09-01;49800394072118
2;2026-06-24;2024-09-02;54095524880512
2;2026-06-24;2024-09-03;57003440114496
2;2026-06-24;2024-09-04;58738386914070
2;2026-06-24;2024-09-05;59248290589389
2;2026-06-24;2024-09-06;61948872596579
2;2026-06-24;2024-09-07;67216194457199
2;2026-06-24;2024-09-08;67582475548824
2;2026-06-24;2024-09-09;64294276594124
2;2026-06-24;2024-09-10;65954087977413
2;2026-06-24;2024-09-11;68278909580466
2;2026-06-24;2024-09-12;73380215201981
2;2026-06-24;2024-09-13;71205888425794
2;2026-06-24;2024-09-14;74067332952889
2;2026-06-24;2024-09-15;73266611905111
2;2026-06-24;2024-09-16;79595011835851
2;2026-06-24;2024-09-17;83982807228721
2;2026-06-24;2024-09-18;90190125998164
2;2026-06-24;2024-09-19;106479964557403
2;2026-06-24;2024-09-20;108303517923711
2;2026-06-24;2024-09-21;111783851332711
2;2026-06-24;2024-09-22;119848126535015
2;2026-06-24;2024-09-23;126163362084913
2;2026-06-24;2024-09-24;137653928163665
2;2026-06-24;2024-09-25;144601011453198
2;2026-06-24;2024-09-26;139613370928336
2;2026-06-24;2024-09-27;141301840495732
2;2026-06-24;2024-09-28;131778241208560
2;2026-06-24;2024-09-29;124700957098638
2;2026-06-24;2024-09-30;124966460336207
2;2026-06-24;2024-10-01;124668687600133
2;2026-06-24;2024-10-02;120718602889571
2;2026-06-24;2024-10-03;118111826804446
2;2026-06-24;2024-10-04;118057251455859
2;2026-06-24;2024-10-05;117431454206259
2;2026-06-24;2024-10-06;118683389790553
2;2026-06-24;2024-10-07;118241763575836
2;2026-06-24;2024-10-08;122839339148038
2;2026-06-24;2024-10-09;124792941558959
2;2026-06-24;2024-10-10;123920978316596
2;2026-06-24;2024-10-11;124679737819919
2;2026-06-24;2024-10-12;122898074553850
2;2026-06-24;2024-10-13;124207833342730
2;2026-06-24;2024-10-14;117746437109176
2;2026-06-24;2024-10-15;113632684867329
2;2026-06-24;2024-10-16;106066199754200
2;2026-06-24;2024-10-17;108583642850899
2;2026-06-24;2024-10-18;103297099170728
2;2026-06-24;2024-10-19;102611613177076
2;2026-06-24;2024-10-20;102902392571066
2;2026-06-24;2024-10-21;107134864561858
2;2026-06-24;2024-10-22;106040624058836
2;2026-06-24;2024-10-23;104342550315381
2;2026-06-24;2024-10-24;97114337724279
2;2026-06-24;2024-10-25;92082443368444
2;2026-06-24;2024-10-26;89769304695054
2;2026-06-24;2024-10-27;87909832012575
2;2026-06-24;2024-10-28;88289706603142
2;2026-06-24;2024-10-29;87687857581875
2;2026-06-24;2024-10-30;90683318375331
2;2026-06-24;2024-10-31;91487975498610
2;2026-06-24;2024-11-01;89888789456206
2;2026-06-24;2024-11-02;88113482533146
2;2026-06-24;2024-11-03;87080535725521
2;2026-06-24;2024-11-04;83150559107026
2;2026-06-24;2024-11-05;79545016438819
2;2026-06-24;2024-11-06;73370799477943
2;2026-06-24;2024-11-07;75034726716504
2;2026-06-24;2024-11-08;72820371840452
2;2026-06-24;2024-11-09;72664553581576
2;2026-06-24;2024-11-10;71421495743332
2;2026-06-24;2024-11-11;68642783026725
2;2026-06-24;2024-11-12;62286248217776
2;2026-06-24;2024-11-13;62712817106310
2;2026-06-24;2024-11-14;62570284374523
2;2026-06-24;2024-11-15;59631284337442
2;2026-06-24;2024-11-16;57101703160644
2;2026-06-24;2024-11-17;57122673220883
2;2026-06-24;2024-11-18;52304912870051
2;2026-06-24;2024-11-19;52087666711194
2;2026-06-24;2024-11-20;51068959576068
2;2026-06-24;2024-11-21;48977206027082
2;2026-06-24;2024-11-22;47972152524410
2;2026-06-24;2024-11-23;47246831119414
2;2026-06-24;2024-11-24;44649567178545
2;2026-06-24;2024-11-25;46403479339937
2;2026-06-24;2024-11-26;46420361818332
2;2026-06-24;2024-11-27;47643279167547
2;2026-06-24;2024-11-28;43247539648772
2;2026-06-24;2024-11-29;42353393354951
2;2026-06-24;2024-11-30;38465796705595
2;2026-06-24;2024-12-01;38022420808162
2;2026-06-24;2024-12-02;37761831985226
2;2026-06-24;2024-12-03;37014251876367
2;2026-06-24;2024-12-04;34997540428184
2;2026-06-24;2024-12-05;38790283610751
2;2026-06-24;2024-12-06;38403819799108
2;2026-06-24;2024-12-07;39598693095560
2;2026-06-24;2024-12-08;39687760915524
2;2026-06-24;2024-12-09;35490572214829
2;2026-06-24;2024-12-10;31521611447247
2;2026-06-24;2024-12-11;29531023975317
2;2026-06-24;2024-12-12;30564191962982
2;2026-06-24;2024-12-13;30743595770070
2;2026-06-24;2024-12-14;31179486908403
2;2026-06-24;2024-12-15;32498286183320
2;2026-06-24;2024-12-16;32420355179750
2;2026-06-24;2024-12-17;32200107380446
2;2026-06-24;2024-12-18;38301267967037
2;2026-06-24;2024-12-19;40632484800279
2;2026-06-24;2024-12-20;40013395483119
2;2026-06-24;2024-12-21;43056271909309
2;2026-06-24;2024-12-22;42666638721422
2;2026-06-24;2024-12-23;36636592501343
2;2026-06-24;2024-12-24;36093979105725
2;2026-06-24;2024-12-25;35677313949098
2;2026-06-24;2024-12-26;33483019336625
2;2026-06-24;2024-12-27;30804281839785
2;2026-06-24;2024-12-28;30924990820413
2;2026-06-24;2024-12-29;33464178750413
2;2026-06-24;2024-12-30;35262494976809
2;2026-06-24;2024-12-31;35383842840567
2;2026-06-24;2025-01-01;38287782873327
2;2026-06-24;2025-01-02;37965137798085
2;2026-06-24;2025-01-03;36844268253266
2;2026-06-24;2025-01-04;34899427672676
2;2026-06-24;2025-01-05;32328709594941
2;2026-06-24;2025-01-06;28890059598025
2;2026-06-24;2025-01-07;26459019549961
2;2026-06-24;2025-01-08;24492894244525
2;2026-06-24;2025-01-09;25538610359345
2;2026-06-24;2025-01-10;23852625633128
2;2026-06-24;2025-01-11;23203861830773
2;2026-06-24;2025-01-12;20890181059210
2;2026-06-24;2025-01-13;18366479452246
2;2026-06-24;2025-01-14;15915080847811
2;2026-06-24;2025-01-15;14541363609107
2;2026-06-24;2025-01-16;13795742149141
2;2026-06-24;2025-01-17;13334764710786
2;2026-06-24;2025-01-18;13544710442879
2;2026-06-24;2025-01-19;14158070138917
2;2026-06-24;2025-01-20;14657496474825
2;2026-06-24;2025-01-21;13844748420616
2;2026-06-24;2025-01-22;14280183143633
2;2026-06-24;2025-01-23;15442534726078
2;2026-06-24;2025-01-24;14871267735115
2;2026-06-24;2025-01-25;14901813040810
2;2026-06-24;2025-01-26;14947202894332
2;2026-06-24;2025-01-27;13765201914931
2;2026-06-24;2025-01-28;13271145770425
2;2026-06-24;2025-01-29;13413895775844
2;2026-06-24;2025-01-30;14659375789896
2;2026-06-24;2025-01-31;13567018393135
2;2026-06-24;2025-02-01;13961724656955
2;2026-06-24;2025-02-02;13853644976110
2;2026-06-24;2025-02-03;11449998431741
2;2026-06-24;2025-02-04;9832478762924
2;2026-06-24;2025-02-05;10034237469974
2;2026-06-24;2025-02-06;10382933177164
2;2026-06-24;2025-02-07;9495881303110
2;2026-06-24;2025-02-08;9454659530675
2;2026-06-24;2025-02-09;9090522522629
2;2026-06-24;2025-02-10;9459293024607
2;2026-06-24;2025-02-11;10041761118468
2;2026-06-24;2025-02-12;10019410027653
2;2026-06-24;2025-02-13;8584539505756
2;2026-06-24;2025-02-14;8278416738997
2;2026-06-24;2025-02-15;7807965598381
2;2026-06-24;2025-02-16;7460530044529
2;2026-06-24;2025-02-17;7728191905148
2;2026-06-24;2025-02-18;7911200154664
2;2026-06-24;2025-02-19;8688749517510
2;2026-06-24;2025-02-20;8128862177207
2;2026-06-24;2025-02-21;8184174516021
2;2026-06-24;2025-02-22;7529633922179
2;2026-06-24;2025-02-23;7320440774507
2;2026-06-24;2025-02-24;7470435698636
2;2026-06-24;2025-02-25;7211117722683
2;2026-06-24;2025-02-26;6890508686675
2;2026-06-24;2025-02-27;7521495157691
2;2026-06-24;2025-02-28;6764731768828
2;2026-06-24;2025-03-01;6421743707079
2;2026-06-24;2025-03-02;6225129061140
2;2026-06-24;2025-03-03;5614147069510
2;2026-06-24;2025-03-04;5913976700812
2;2026-06-24;2025-03-05;7477619975773
2;2026-06-24;2025-03-06;7837275533607
2;2026-06-24;2025-03-07;7860365728042
2;2026-06-24;2025-03-08;7631884969592
2;2026-06-24;2025-03-09;7937283642877
2;2026-06-24;2025-03-10;7680592486285
2;2026-06-24;2025-03-11;7782492391834
2;2026-06-24;2025-03-12;8438498246773
2;2026-06-24;2025-03-13;8983181847149
2;2026-06-24;2025-03-14;9532824968923
2;2026-06-24;2025-03-15;9453372066534
2;2026-06-24;2025-03-16;9358359660428
2;2026-06-24;2025-03-17;9217144576416
2;2026-06-24;2025-03-18;10751432006833
2;2026-06-24;2025-03-19;10628258353651
2;2026-06-24;2025-03-20;12507865255136
2;2026-06-24;2025-03-21;12699554340200
2;2026-06-24;2025-03-22;12579738508075
2;2026-06-24;2025-03-23;12483064637065
2;2026-06-24;2025-03-24;10826823545790
2;2026-06-24;2025-03-25;11438795051285
2;2026-06-24;2025-03-26;10967991887697
2;2026-06-24;2025-03-27;13847836698997
2;2026-06-24;2025-03-28;14063728936280
2;2026-06-24;2025-03-29;14069897120797
2;2026-06-24;2025-03-30;13336632448659
2;2026-06-24;2025-03-31;12560144054552
2;2026-06-24;2025-04-01;12722176573436
2;2026-06-24;2025-04-02;10816375601788
2;2026-06-24;2025-04-03;12196612908126
2;2026-06-24;2025-04-04;11796432970305
2;2026-06-24;2025-04-05;10211156904827
2;2026-06-24;2025-04-06;10085238638422
2;2026-06-24;2025-04-07;10601117318510
2;2026-06-24;2025-04-08;11073108778458
2;2026-06-24;2025-04-09;10294975514785
2;2026-06-24;2025-04-10;9410894367533
2;2026-06-24;2025-04-11;9349772563172
2;2026-06-24;2025-04-12;10018624918247
2;2026-06-24;2025-04-13;10385923794747
2;2026-06-24;2025-04-14;10528019768672
2;2026-06-24;2025-04-15;12147517844584
2;2026-06-24;2025-04-16;11517078870179
2;2026-06-24;2025-04-17;14343174809054
2;2026-06-24;2025-04-18;13876099101847
2;2026-06-24;2025-04-19;13595666109155
2;2026-06-24;2025-04-20;13667465729874
2;2026-06-24;2025-04-21;13161478667098
2;2026-06-24;2025-04-22;12703086529827
2;2026-06-24;2025-04-23;13991370204825
2;2026-06-24;2025-04-24;13451900310258
2;2026-06-24;2025-04-25;13450201273853
2;2026-06-24;2025-04-26;12825009348827
2;2026-06-24;2025-04-27;12690151082462
2;2026-06-24;2025-04-28;13221464715519
2;2026-06-24;2025-04-29;10949097573579
2;2026-06-24;2025-04-30;11588439357484
2;2026-06-24;2025-05-01;11612412704087
2;2026-06-24;2025-05-02;11673068908548
2;2026-06-24;2025-05-03;11502945232385
2;2026-06-24;2025-05-04;11454760474916
2;2026-06-24;2025-05-05;12065696401355
2;2026-06-24;2025-05-06;11867548376879
2;2026-06-24;2025-05-07;11963668269423
2;2026-06-24;2025-05-08;13390595539882
2;2026-06-24;2025-05-09;13561635202319
2;2026-06-24;2025-05-10;12991139017968
2;2026-06-24;2025-05-11;13280340171717
2;2026-06-24;2025-05-12;14252830299482
2;2026-06-24;2025-05-13;14048934216433
2;2026-06-24;2025-05-14;15386603362697
2;2026-06-24;2025-05-15;16635727144056
2;2026-06-24;2025-05-16;16747708882158
2;2026-06-24;2025-05-17;14622261762243
2;2026-06-24;2025-05-18;13750898938974
2;2026-06-24;2025-05-19;13717077470221
2;2026-06-24;2025-05-20;15049607116553
2;2026-06-24;2025-05-21;16702211444347
2;2026-06-24;2025-05-22;17433863519785
2;2026-06-24;2025-05-23;21098446365590
2;2026-06-24;2025-05-24;22043977053789
2;2026-06-24;2025-05-25;21837004816140
2;2026-06-24;2025-05-26;21914024581980
2;2026-06-24;2025-05-27;25634172321033
2;2026-06-24;2025-05-28;25570725243372
2;2026-06-24;2025-05-29;28927481413605
2;2026-06-24;2025-05-30;28034725350557
2;2026-06-24;2025-05-31;28926580354023
2;2026-06-24;2025-06-01;29902059789174
2;2026-06-24;2025-06-02;28743108869552
2;2026-06-24;2025-06-03;30447738838555
2;2026-06-24;2025-06-04;31707382550387
2;2026-06-24;2025-06-05;31373334978079
2;2026-06-24;2025-06-06;30946080587715
2;2026-06-24;2025-06-07;27538926278275
2;2026-06-24;2025-06-08;28004206143154
2;2026-06-24;2025-06-09;27049068707688
2;2026-06-24;2025-06-10;25148180483099
2;2026-06-24;2025-06-11;25202986712021
2;2026-06-24;2025-06-12;24760372027256
2;2026-06-24;2025-06-13;25497304881969
2;2026-06-24;2025-06-14;24557809100103
2;2026-06-24;2025-06-15;25117610112562
2;2026-06-24;2025-06-16;24373634497383
2;2026-06-24;2025-06-17;23422750921179
2;2026-06-24;2025-06-18;23549980730327
2;2026-06-24;2025-06-19;24036954514900
2;2026-06-24;2025-06-20;24601797569366
2;2026-06-24;2025-06-21;25019222630919
2;2026-06-24;2025-06-22;24082846950333
2;2026-06-24;2025-06-23;23570497966996
2;2026-06-24;2025-06-24;23570565800534
2;2026-06-24;2025-06-25;23408170751934
2;2026-06-24;2025-06-26;21578051990551
2;2026-06-24;2025-06-27;20207499158248
2;2026-06-24;2025-06-28;18374290691050
2;2026-06-24;2025-06-29;18119089540737
2;2026-06-24;2025-06-30;17937665234113
2;2026-06-24;2025-07-01;17669310063419
2;2026-06-24;2025-07-02;17504487933704
2;2026-06-24;2025-07-03;15817472779905
2;2026-06-24;2025-07-04;15814049762369
2;2026-06-24;2025-07-05;16297695989668
2;2026-06-24;2025-07-06;16936198608672
2;2026-06-24;2025-07-07;17214498173235
2;2026-06-24;2025-07-08;17520957802443
2;2026-06-24;2025-07-09;17717508740372
2;2026-06-24;2025-07-10;18948524167775
2;2026-06-24;2025-07-11;19722553109732
2;2026-06-24;2025-07-12;20805670064027
2;2026-06-24;2025-07-13;19706110484440
2;2026-06-24;2025-07-14;20640748416417
2;2026-06-24;2025-07-15;21369435013505
2;2026-06-24;2025-07-16;21048305742303
2;2026-06-24;2025-07-17;21326244556871
2;2026-06-24;2025-07-18;20838331270723
2;2026-06-24;2025-07-19;20828965836981
2;2026-06-24;2025-07-20;20305324276881
2;2026-06-24;2025-07-21;22404354544191
2;2026-06-24;2025-07-22;21814725760771
2;2026-06-24;2025-07-23;22110198533325
2;2026-06-24;2025-07-24;21784096505761
2;2026-06-24;2025-07-25;22308970042828
2;2026-06-24;2025-07-26;22493250020496
2;2026-06-24;2025-07-27;23791064588748
2;2026-06-24;2025-07-28;23934773390431
2;2026-06-24;2025-07-29;25318018175147
2;2026-06-24;2025-07-30;26753740687193
2;2026-06-24;2025-07-31;30762139183345
2;2026-06-24;2025-08-01;32189265196096
2;2026-06-24;2025-08-02;32049140752947
2;2026-06-24;2025-08-03;30938928062957
2;2026-06-24;2025-08-04;28885157174728
2;2026-06-24;2025-08-05;30786477713829
2;2026-06-24;2025-08-06;30732219360086
2;2026-06-24;2025-08-07;31150584120262
2;2026-06-24;2025-08-08;31858703902028
2;2026-06-24;2025-08-09;31756347217571
2;2026-06-24;2025-08-10;31856330513443
2;2026-06-24;2025-08-11;35997771325871
2;2026-06-24;2025-08-12;36989216882300
2;2026-06-24;2025-08-13;41886034020303
2;2026-06-24;2025-08-14;43258244923289
2;2026-06-24;2025-08-15;43280551770392
2;2026-06-24;2025-08-16;43141201115285
2;2026-06-24;2025-08-17;43107087293064
2;2026-06-24;2025-08-18;43700286762277
2;2026-06-24;2025-08-19;42704368674565
2;2026-06-24;2025-08-20;37552903257190
2;2026-06-24;2025-08-21;37553076114786
2;2026-06-24;2025-08-22;36699470421503
2;2026-06-24;2025-08-23;35461111702125
2;2026-06-24;2025-08-24;35439767985855
2;2026-06-24;2025-08-25;38289553174727
2;2026-06-24;2025-08-26;40061839203428
2;2026-06-24;2025-08-27;43110136434969
2;2026-06-24;2025-08-28;43060119744870
2;2026-06-24;2025-08-29;43999772032772
2;2026-06-24;2025-08-30;45594394147865
2;2026-06-24;2025-08-31;46344885664032
2;2026-06-24;2025-09-01;45952089376255
2;2026-06-24;2025-09-02;50111870978751
2;2026-06-24;2025-09-03;51658167545181
2;2026-06-24;2025-09-04;54755774206061
2;2026-06-24;2025-09-05;54164312560697
2;2026-06-24;2025-09-06;53843538382528
2;2026-06-24;2025-09-07;53560939345206
2;2026-06-24;2025-09-08;51895949586410
2;2026-06-24;2025-09-09;52601955105926
2;2026-06-24;2025-09-10;47521617019623
2;2026-06-24;2025-09-11;44198287330292
2;2026-06-24;2025-09-12;43367628023930
2;2026-06-24;2025-09-13;42133414036846
2;2026-06-24;2025-09-14;42735690438737
2;2026-06-24;2025-09-15;40154838461752
2;2026-06-24;2025-09-16;40030285432875
2;2026-06-24;2025-09-17;39432758959930
2;2026-06-24;2025-09-18;38707271160318
2;2026-06-24;2025-09-19;38928412782709
2;2026-06-24;2025-09-20;39514093628923
2;2026-06-24;2025-09-21;39514093628923
2;2026-06-24;2025-09-22;38358798358165
2;2026-06-24;2025-09-23;37415299471393
2;2026-06-24;2025-09-24;39098141380431
2;2026-06-24;2025-09-25;39820197421912
2;2026-06-24;2025-09-26;40403919846221
2;2026-06-24;2025-09-27;40791059556519
2;2026-06-24;2025-09-28;41495029408755
2;2026-06-24;2025-09-29;49743845076179
2;2026-06-24;2025-09-30;60393373132711
2;2026-06-24;2025-10-01;70948864242171
2;2026-06-24;2025-10-02;73054649014997
2;2026-06-24;2025-10-03;73054649014997
2;2026-06-24;2025-10-04;73384354381963
2;2026-06-24;2025-10-05;73066271676128
2;2026-06-24;2025-10-06;71579812674721
2;2026-06-24;2025-10-07;65136768577838
2;2026-06-24;2025-10-08;68232545812160
2;2026-06-24;2025-10-09;65690605274702
2;2026-06-24;2025-10-10;65484464834797
2;2026-06-24;2025-10-11;65159251906785
2;2026-06-24;2025-10-12;65573119153839
2;2026-06-24;2025-10-13;69236389701955
2;2026-06-24;2025-10-14;66411182775690
2;2026-06-24;2025-10-15;63348943856328
2;2026-06-24;2025-10-16;62204904958887
2;2026-06-24;2025-10-17;59168150806120
2;2026-06-24;2025-10-18;59031208980014
2;2026-06-24;2025-10-19;58496809114567
2;2026-06-24;2025-10-20;68803397788858
2;2026-06-24;2025-10-21;69687652294193
2;2026-06-24;2025-10-22;74120306331945
2;2026-06-24;2025-10-23;80552109229738
2;2026-06-24;2025-10-24;83608891785731
2;2026-06-24;2025-10-25;85191799626393
2;2026-06-24;2025-10-26;86867428694885
2;2026-06-24;2025-10-27;82241835179252
2;2026-06-24;2025-10-28;74909390723534
2;2026-06-24;2025-10-29;65807585296090
2;2026-06-24;2025-10-30;65888011083365
2;2026-06-24;2025-10-31;65136208144673
2;2026-06-24;2025-11-01;65370147935006
2;2026-06-24;2025-11-02;64732745132478
2;2026-06-24;2025-11-03;63597116231494
2;2026-06-24;2025-11-04;58233929895410
2;2026-06-24;2025-11-05;53174291411561
2;2026-06-24;2025-11-06;53486079743103
2;2026-06-24;2025-11-07;52055101555631
2;2026-06-24;2025-11-08;51912236879846
2;2026-06-24;2025-11-09;51897866861633
2;2026-06-24;2025-11-10;47652613797945
2;2026-06-24;2025-11-11;47711068896172
2;2026-06-24;2025-11-12;45491867541575
2;2026-06-24;2025-11-13;43831365993112
2;2026-06-24;2025-11-14;44185856390230
2;2026-06-24;2025-11-15;44410761437540
2;2026-06-24;2025-11-16;44154760685377
2;2026-06-24;2025-11-17;40568929975686
2;2026-06-24;2025-11-18;36840258519662
2;2026-06-24;2025-11-19;37619911162711
2;2026-06-24;2025-11-20;36138594794699
2;2026-06-24;2025-11-21;36203893137980
2;2026-06-24;2025-11-22;35229003890437
2;2026-06-24;2025-11-23;35148861511127
2;2026-06-24;2025-11-24;34375538473337
2;2026-06-24;2025-11-25;36803980751552
2;2026-06-24;2025-11-26;40407263946375
2;2026-06-24;2025-11-27;41345378355197
2;2026-06-24;2025-11-28;40629793297929
2;2026-06-24;2025-11-29;40399375279012
2;2026-06-24;2025-11-30;40667449793040
2;2026-06-24;2025-12-01;48371159939439
2;2026-06-24;2025-12-02;46434518876043
2;2026-06-24;2025-12-03;47260186279905
2;2026-06-24;2025-12-04;48998820272835
2;2026-06-24;2025-12-05;49777621972870
2;2026-06-24;2025-12-06;49796287206006
2;2026-06-24;2025-12-07;50100657843488
2;2026-06-24;2025-12-08;51207108634448
2;2026-06-24;2025-12-09;51008587824989
2;2026-06-24;2025-12-10;55989340145227
2;2026-06-24;2025-12-11;57527201676484
2;2026-06-24;2025-12-12;56661387581282
2;2026-06-24;2025-12-13;57220785223396
2;2026-06-24;2025-12-14;56532795034082
2;2026-06-24;2025-12-15;54952623122444
2;2026-06-24;2025-12-16;45182066229962
2;2026-06-24;2025-12-17;41118933809359
2;2026-06-24;2025-12-18;41242550835130
2;2026-06-24;2025-12-19;41721095942700
2;2026-06-24;2025-12-20;41243094111711
2;2026-06-24;2025-12-21;41112733285327
2;2026-06-24;2025-12-22;32445178464086
2;2026-06-24;2025-12-23;30768985748902
2;2026-06-24;2025-12-24;30363617317102
2;2026-06-24;2025-12-25;31478085241928
2;2026-06-24;2025-12-26;30901170866472
2;2026-06-24;2025-12-27;31967040634259
2;2026-06-24;2025-12-28;32450759020218
2;2026-06-24;2025-12-29;36119721687860
2;2026-06-24;2025-12-30;37334331687619
2;2026-06-24;2025-12-31;44873579994381
2;2026-06-24;2026-01-01;47757825966721
2;2026-06-24;2026-01-02;47754273018466
2;2026-06-24;2026-01-03;47209105592843
2;2026-06-24;2026-01-04;44555311786155
2;2026-06-24;2026-01-05;34093714834602
2;2026-06-24;2026-01-06;30535435934615
2;2026-06-24;2026-01-07;29750329693372
2;2026-06-24;2026-01-08;28594235302828
2;2026-06-24;2026-01-09;28971868050222
2;2026-06-24;2026-01-10;28945001072058
2;2026-06-24;2026-01-11;28979492920462
2;2026-06-24;2026-01-12;25939405235443
2;2026-06-24;2026-01-13;23427212096191
2;2026-06-24;2026-01-14;20795223030434
2;2026-06-24;2026-01-15;18413921234936
2;2026-06-24;2026-01-16;18300746928515
2;2026-06-24;2026-01-17;18314312664244
2;2026-06-24;2026-01-18;17544545260813
2;2026-06-24;2026-01-19;15421268317312
2;2026-06-24;2026-01-20;13839227192350
2;2026-06-24;2026-01-21;13674756415216
2;2026-06-24;2026-01-22;13453633641799
2;2026-06-24;2026-01-23;13157898042577
2;2026-06-24;2026-01-24;13237171503112
2;2026-06-24;2026-01-25;13109301867017
2;2026-06-24;2026-01-26;15350089316637
2;2026-06-24;2026-01-27;15125430227916
2;2026-06-24;2026-01-28;15545834361449
2;2026-06-24;2026-01-29;16476148686282
2;2026-06-24;2026-01-30;16376473120843
2;2026-06-24;2026-01-31;16292202039818
2;2026-06-24;2026-02-01;16243385233425
2;2026-06-24;2026-02-02;16153078669360
2;2026-06-24;2026-02-03;15233439890154
2;2026-06-24;2026-02-04;17687619099795
2;2026-06-24;2026-02-05;17744566847682
2;2026-06-24;2026-02-06;17685636649990
2;2026-06-24;2026-02-07;17538299504500
2;2026-06-24;2026-02-08;17548186050003
2;2026-06-24;2026-02-09;16686734714085
2;2026-06-24;2026-02-10;13239508420189
2;2026-06-24;2026-02-11;13614338904391
2;2026-06-24;2026-02-12;12353847767729
2;2026-06-24;2026-02-13;12031309091387
2;2026-06-24;2026-02-14;12008230541318
2;2026-06-24;2026-02-15;12403634586614
2;2026-06-24;2026-02-16;13508631653625
2;2026-06-24;2026-02-17;13098027186543
2;2026-06-24;2026-02-18;12394847111681
2;2026-06-24;2026-02-19;12253628737210
2;2026-06-24;2026-02-20;12239432160121
2;2026-06-24;2026-02-21;12164648084616
2;2026-06-24;2026-02-22;11907646585615
2;2026-06-24;2026-02-23;10740382570034
2;2026-06-24;2026-02-24;10677027954464
2;2026-06-24;2026-02-25;7233910735972
2;2026-06-24;2026-02-26;7065371746551
2;2026-06-24;2026-02-27;6995994377076
2;2026-06-24;2026-02-28;8067290145795
2;2026-06-24;2026-03-01;8001068545081
2;2026-06-24;2026-03-02;6975988227147
2;2026-06-24;2026-03-03;6178401052088
2;2026-06-24;2026-03-04;5680215501528
2;2026-06-24;2026-03-05;5595496252007
2;2026-06-24;2026-03-06;5431551888586
2;2026-06-24;2026-03-07;5482279483626
2;2026-06-24;2026-03-08;5329707723756
2;2026-06-24;2026-03-09;4327570511032
2;2026-06-24;2026-03-10;4086545171476
2;2026-06-24;2026-03-11;3864953466100
2;2026-06-24;2026-03-12;4454323040394
2;2026-06-24;2026-03-13;4426398656264
2;2026-06-24;2026-03-14;4428200556583
2;2026-06-24;2026-03-15;4366693109469
2;2026-06-24;2026-03-16;5133023172155
2;2026-06-24;2026-03-17;4796585903727
2;2026-06-24;2026-03-18;4916725705390
2;2026-06-24;2026-03-19;5072299985758
2;2026-06-24;2026-03-20;5080053593104
2;2026-06-24;2026-03-21;5080053593104
2;2026-06-24;2026-03-22;5080053593104
2;2026-06-24;2026-03-23;4098822619626
2;2026-06-24;2026-03-24;2920633876793
2;2026-06-24;2026-03-25;3310685675644
2;2026-06-24;2026-03-26;3296678011731
2;2026-06-24;2026-03-27;4258933048596
2;2026-06-24;2026-03-28;4261497512165
2;2026-06-24;2026-03-29;4277693799959
2;2026-06-24;2026-03-30;5437442340631
2;2026-06-24;2026-03-31;5042765093682
2;2026-06-24;2026-04-01;5258127118312
2;2026-06-24;2026-04-02;5227478933599
2;2026-06-24;2026-04-03;5227478933599
2;2026-06-24;2026-04-04;5252447496514
2;2026-06-24;2026-04-05;4244943452503
2;2026-06-24;2026-04-06;2413329051662
2;2026-06-24;2026-04-07;2428257010342
2;2026-06-24;2026-04-08;2631379778016
2;2026-06-24;2026-04-09;2619046934438
2;2026-06-24;2026-04-10;2611314989214
2;2026-06-24;2026-04-11;2624446971989
2;2026-06-24;2026-04-12;2585778942435
2;2026-06-24;2026-04-13;3043426611653
2;2026-06-24;2026-04-14;2768582666278
2;2026-06-24;2026-04-15;2761616369149
2;2026-06-24;2026-04-16;2723960723800
2;2026-06-24;2026-04-17;1989089151665
2;2026-06-24;2026-04-18;1989089151665
2;2026-06-24;2026-04-19;1989089151665
2;2026-06-24;2026-04-20;1682815157889
2;2026-06-24;2026-04-21;1644952718029
2;2026-06-24;2026-04-22;1626109567073
2;2026-06-24;2026-04-23;1614851913944
2;2026-06-24;2026-04-24;1591227414733
2;2026-06-24;2026-04-25;1591227414733
2;2026-06-24;2026-04-26;1593470113753
2;2026-06-24;2026-04-27;1985089560839
2;2026-06-24;2026-04-28;1951269777039
2;2026-06-24;2026-04-29;1883544238628
2;2026-06-24;2026-04-30;1919616768880
2;2026-06-24;2026-05-01;1916350268286
2;2026-06-24;2026-05-02;1924430715462
2;2026-06-24;2026-05-03;1922303025808
2;2026-06-24;2026-05-04;2217734559027
2;2026-06-24;2026-05-05;2221878014718
2;2026-06-24;2026-05-06;1938512956293
2;2026-06-24;2026-05-07;1919846732924
2;2026-06-24;2026-05-08;1593401295725
2;2026-06-24;2026-05-09;1603801702313
2;2026-06-24;2026-05-10;1601535822999
2;2026-06-24;2026-05-11;1420300601129
2;2026-06-24;2026-05-12;1415761595603
2;2026-06-24;2026-05-13;1417615646691
2;2026-06-24;2026-05-14;1391410194508
2;2026-06-24;2026-05-15;1392989412311
2;2026-06-24;2026-05-16;1367570644139
2;2026-06-24;2026-05-17;1822697502544
2;2026-06-24;2026-05-18;2053740294608
2;2026-06-24;2026-05-19;2970410132651
2;2026-06-24;2026-05-20;3038223210982
2;2026-06-24;2026-05-21;2950116349358
2;2026-06-24;2026-05-22;2950116349358
2;2026-06-24;2026-05-23;2942214312512
2;2026-06-24;2026-05-24;2913312300829
2;2026-06-24;2026-05-25;1909081586180
2;2026-06-24;2026-05-26;1465434000716
2;2026-06-24;2026-05-27;1314088425264
2;2026-06-24;2026-05-28;1234160885817
2;2026-06-24;2026-05-29;1343822120602
2;2026-06-24;2026-05-30;1433347985037
2;2026-06-24;2026-05-31;1355932857871
2;2026-06-24;2026-06-01;819317422372
2;2026-06-24;2026-06-02;1059839739709
2;2026-06-24;2026-06-03;1051421016270
2;2026-06-24;2026-06-04;948543104579
2;2026-06-24;2026-06-05;938491553788
2;2026-06-24;2026-06-06;918097842818
2;2026-06-24;2026-06-07;932113036009
2;2026-06-24;2026-06-08;1105335347300
2;2026-06-24;2026-06-09;842062989972
2;2026-06-24;2026-06-10;1029720594418
2;2026-06-24;2026-06-11;1067696656074
2;2026-06-24;2026-06-12;1055859804034
2;2026-06-24;2026-06-13;1039072813499
2;2026-06-24;2026-06-14;1045383272589
2;2026-06-24;2026-06-15;920834714024
2;2026-06-24;2026-06-16;1364524014513
2;2026-06-24;2026-06-17;1346596014793
2;2026-06-24;2026-06-18;1402212932312
