Season,ISOyear,SevenDayEnding,Country,WastewaterRNA
2019/20,2020,20200528,S92000003,0.180372
2019/20,2020,20200529,S92000003,0.236477
2019/20,2020,20200601,S92000003,0.227071
2019/20,2020,20200602,S92000003,0.228362
2019/20,2020,20200603,S92000003,0.211854
2019/20,2020,20200604,S92000003,0.202167
2019/20,2020,20200606,S92000003,0.203107
2019/20,2020,20200608,S92000003,0.1682
2019/20,2020,20200609,S92000003,0.064413
2019/20,2020,20200610,S92000003,0.173072
2019/20,2020,20200615,S92000003,0.229735
2019/20,2020,20200616,S92000003,0.689019
2019/20,2020,20200617,S92000003,0.102857
2019/20,2020,20200619,S92000003,0.102857
2019/20,2020,20200622,S92000003,0.205194
2019/20,2020,20200623,S92000003,0.102597
2019/20,2020,20200624,S92000003,0.069286
2019/20,2020,20200628,S92000003,0.114891
2019/20,2020,20200630,S92000003,0.01791
2019/20,2020,20200701,S92000003,0.01791
2019/20,2020,20200703,S92000003,0.01791
2019/20,2020,20200706,S92000003,0
2019/20,2020,20200707,S92000003,0
2019/20,2020,20200708,S92000003,0
2019/20,2020,20200710,S92000003,0
2019/20,2020,20200807,S92000003,0.17218
2019/20,2020,20200808,S92000003,0.139864
2019/20,2020,20200809,S92000003,0.125523
2019/20,2020,20200810,S92000003,2.661139
2019/20,2020,20200811,S92000003,2.204755
2019/20,2020,20200812,S92000003,2.965417
2019/20,2020,20200813,S92000003,2.807881
2019/20,2020,20200814,S92000003,2.88106
2019/20,2020,20200817,S92000003,1.271392
2019/20,2020,20200818,S92000003,1.072821
2019/20,2020,20200819,S92000003,1.077167
2019/20,2020,20200820,S92000003,1.181537
2019/20,2020,20200821,S92000003,1.088986
2019/20,2020,20200822,S92000003,1.056531
2019/20,2020,20200824,S92000003,1.008604
2019/20,2020,20200825,S92000003,1.981252
2019/20,2020,20200826,S92000003,2.402003
2019/20,2020,20200828,S92000003,2.406661
2019/20,2020,20200831,S92000003,2.650262
2019/20,2020,20200901,S92000003,2.393859
2019/20,2020,20200902,S92000003,2.158485
2019/20,2020,20200903,S92000003,2.162298
2019/20,2020,20200904,S92000003,2.449476
2019/20,2020,20200906,S92000003,2.450483
2019/20,2020,20200907,S92000003,3.132421
2019/20,2020,20200908,S92000003,3.814697
2019/20,2020,20200909,S92000003,4.2289
2019/20,2020,20200910,S92000003,4.187965
2019/20,2020,20200911,S92000003,4.20215
2019/20,2020,20200914,S92000003,4.12424
2019/20,2020,20200915,S92000003,2.749697
2019/20,2020,20200916,S92000003,2.342255
2019/20,2020,20200917,S92000003,2.348905
2019/20,2020,20200918,S92000003,2.321873
2019/20,2020,20200920,S92000003,2.42042
2019/20,2020,20200921,S92000003,4.673122
2019/20,2020,20200922,S92000003,6.003247
2019/20,2020,20200923,S92000003,7.401666
2019/20,2020,20200924,S92000003,7.550062
2019/20,2020,20200925,S92000003,7.649881
2020/21,2020,20200928,S92000003,8.190847
2020/21,2020,20200929,S92000003,11.443974
2020/21,2020,20200930,S92000003,12.205908
2020/21,2020,20201001,S92000003,13.107624
2020/21,2020,20201002,S92000003,14.190753
2020/21,2020,20201005,S92000003,15.313477
2020/21,2020,20201006,S92000003,23.409211
2020/21,2020,20201007,S92000003,23.954205
2020/21,2020,20201009,S92000003,23.923837
2020/21,2020,20201012,S92000003,24.927315
2020/21,2020,20201013,S92000003,18.215602
2020/21,2020,20201014,S92000003,18.962626
2020/21,2020,20201015,S92000003,19.229876
2020/21,2020,20201016,S92000003,20.820081
2020/21,2020,20201019,S92000003,20.099765
2020/21,2020,20201020,S92000003,27.074884
2020/21,2020,20201021,S92000003,26.744251
2020/21,2020,20201022,S92000003,26.610666
2020/21,2020,20201023,S92000003,26.002445
2020/21,2020,20201026,S92000003,27.618089
2020/21,2020,20201027,S92000003,22.031101
2020/21,2020,20201028,S92000003,19.819425
2020/21,2020,20201029,S92000003,20.276023
2020/21,2020,20201030,S92000003,21.237945
2020/21,2020,20201031,S92000003,21.738219
2020/21,2020,20201102,S92000003,20.589549
2020/21,2020,20201103,S92000003,24.133809
2020/21,2020,20201104,S92000003,25.255705
2020/21,2020,20201106,S92000003,22.965222
2020/21,2020,20201109,S92000003,19.757612
2020/21,2020,20201110,S92000003,20.393068
2020/21,2020,20201111,S92000003,18.700905
2020/21,2020,20201112,S92000003,19.907336
2020/21,2020,20201113,S92000003,22.564048
2020/21,2020,20201116,S92000003,18.556834
2020/21,2020,20201117,S92000003,21.317144
2020/21,2020,20201118,S92000003,20.341875
2020/21,2020,20201119,S92000003,16.772183
2020/21,2020,20201120,S92000003,16.622843
2020/21,2020,20201123,S92000003,20.104578
2020/21,2020,20201124,S92000003,18.445176
2020/21,2020,20201125,S92000003,20.264137
2020/21,2020,20201126,S92000003,21.189147
2020/21,2020,20201127,S92000003,21.164115
2020/21,2020,20201130,S92000003,26.727033
2020/21,2020,20201201,S92000003,28.728809
2020/21,2020,20201202,S92000003,29.868953
2020/21,2020,20201203,S92000003,30.570277
2020/21,2020,20201204,S92000003,29.632065
2020/21,2020,20201206,S92000003,27.624573
2020/21,2020,20201207,S92000003,24.274563
2020/21,2020,20201208,S92000003,22.521755
2020/21,2020,20201209,S92000003,21.958167
2020/21,2020,20201210,S92000003,18.957365
2020/21,2020,20201211,S92000003,18.173307
2020/21,2020,20201214,S92000003,19.856049
2020/21,2020,20201215,S92000003,20.20503
2020/21,2020,20201216,S92000003,19.23763
2020/21,2020,20201217,S92000003,21.504377
2020/21,2020,20201218,S92000003,21.131211
2020/21,2020,20201221,S92000003,22.433708
2020/21,2020,20201229,S92000003,66.178849
2020/21,2020,20201230,S92000003,65.655435
2020/21,2020,20201231,S92000003,68.230282
2020/21,2021,20210104,S92000003,70.327061
2020/21,2021,20210105,S92000003,57.432219
2020/21,2021,20210106,S92000003,57.437124
2020/21,2021,20210107,S92000003,59.27641
2020/21,2021,20210108,S92000003,60.095816
2020/21,2021,20210111,S92000003,52.856153
2020/21,2021,20210112,S92000003,59.378006
2020/21,2021,20210113,S92000003,68.987734
2020/21,2021,20210114,S92000003,68.058108
2020/21,2021,20210115,S92000003,66.043442
2020/21,2021,20210117,S92000003,65.832045
2020/21,2021,20210118,S92000003,60.838785
2020/21,2021,20210119,S92000003,54.60233
2020/21,2021,20210120,S92000003,40.602012
2020/21,2021,20210121,S92000003,37.139107
2020/21,2021,20210122,S92000003,36.052698
2020/21,2021,20210123,S92000003,36.172424
2020/21,2021,20210125,S92000003,31.713845
2020/21,2021,20210126,S92000003,30.159035
2020/21,2021,20210127,S92000003,33.954222
2020/21,2021,20210129,S92000003,34.277173
2020/21,2021,20210201,S92000003,37.315083
2020/21,2021,20210202,S92000003,35.255282
2020/21,2021,20210203,S92000003,40.488235
2020/21,2021,20210204,S92000003,39.728341
2020/21,2021,20210205,S92000003,36.986978
2020/21,2021,20210206,S92000003,36.989789
2020/21,2021,20210208,S92000003,36.47036
2020/21,2021,20210209,S92000003,33.216619
2020/21,2021,20210210,S92000003,27.113346
2020/21,2021,20210211,S92000003,26.588989
2020/21,2021,20210212,S92000003,27.97736
2020/21,2021,20210215,S92000003,28.41652
2020/21,2021,20210216,S92000003,31.634242
2020/21,2021,20210217,S92000003,31.930406
2020/21,2021,20210218,S92000003,34.315222
2020/21,2021,20210219,S92000003,32.210407
2020/21,2021,20210221,S92000003,32.092005
2020/21,2021,20210222,S92000003,22.990014
2020/21,2021,20210223,S92000003,24.061531
2020/21,2021,20210224,S92000003,24.363112
2020/21,2021,20210225,S92000003,21.543844
2020/21,2021,20210226,S92000003,19.985859
2020/21,2021,20210227,S92000003,19.625927
2020/21,2021,20210228,S92000003,19.58048
2020/21,2021,20210301,S92000003,18.741395
2020/21,2021,20210302,S92000003,14.665446
2020/21,2021,20210303,S92000003,14.270244
2020/21,2021,20210304,S92000003,14.383339
2020/21,2021,20210305,S92000003,14.269415
2020/21,2021,20210306,S92000003,14.298367
2020/21,2021,20210307,S92000003,14.280931
2020/21,2021,20210308,S92000003,13.742068
2020/21,2021,20210309,S92000003,14.131477
2020/21,2021,20210310,S92000003,15.46378
2020/21,2021,20210311,S92000003,14.423709
2020/21,2021,20210312,S92000003,14.593896
2020/21,2021,20210315,S92000003,13.821983
2020/21,2021,20210316,S92000003,13.709848
2020/21,2021,20210317,S92000003,12.693184
2020/21,2021,20210318,S92000003,12.580469
2020/21,2021,20210319,S92000003,12.372917
2020/21,2021,20210322,S92000003,12.617318
2020/21,2021,20210323,S92000003,11.584177
2020/21,2021,20210324,S92000003,11.268383
2020/21,2021,20210325,S92000003,10.792777
2020/21,2021,20210326,S92000003,10.386622
2020/21,2021,20210329,S92000003,10.787522
2020/21,2021,20210330,S92000003,10.18861
2020/21,2021,20210331,S92000003,8.826565
2020/21,2021,20210401,S92000003,8.382982
2020/21,2021,20210402,S92000003,8.005465
2020/21,2021,20210405,S92000003,7.280826
2020/21,2021,20210406,S92000003,6.990382
2020/21,2021,20210407,S92000003,6.952842
2020/21,2021,20210408,S92000003,6.810846
2020/21,2021,20210409,S92000003,6.540127
2020/21,2021,20210410,S92000003,6.526823
2020/21,2021,20210412,S92000003,6.62377
2020/21,2021,20210413,S92000003,5.987554
2020/21,2021,20210414,S92000003,6.029065
2020/21,2021,20210415,S92000003,6.185723
2020/21,2021,20210416,S92000003,6.055194
2020/21,2021,20210419,S92000003,5.189205
2020/21,2021,20210421,S92000003,8.476893
2020/21,2021,20210422,S92000003,1.920777
2020/21,2021,20210423,S92000003,2.236544
2020/21,2021,20210426,S92000003,1.991875
2020/21,2021,20210427,S92000003,2.628323
2020/21,2021,20210428,S92000003,2.826305
2020/21,2021,20210429,S92000003,3.219772
2020/21,2021,20210430,S92000003,3.343087
2020/21,2021,20210503,S92000003,3.681958
2020/21,2021,20210504,S92000003,3.683603
2020/21,2021,20210505,S92000003,4.112492
2020/21,2021,20210506,S92000003,3.145296
2020/21,2021,20210507,S92000003,3.406613
2020/21,2021,20210510,S92000003,3.712416
2020/21,2021,20210511,S92000003,5.1342
2020/21,2021,20210512,S92000003,6.383071
2020/21,2021,20210513,S92000003,7.711024
2020/21,2021,20210514,S92000003,9.435897
2020/21,2021,20210517,S92000003,9.224811
2020/21,2021,20210518,S92000003,9.623785
2020/21,2021,20210519,S92000003,8.386552
2020/21,2021,20210520,S92000003,7.186576
2020/21,2021,20210521,S92000003,7.613599
2020/21,2021,20210523,S92000003,7.610854
2020/21,2021,20210524,S92000003,8.631747
2020/21,2021,20210525,S92000003,9.543797
2020/21,2021,20210526,S92000003,9.609002
2020/21,2021,20210527,S92000003,9.04404
2020/21,2021,20210528,S92000003,8.633944
2020/21,2021,20210531,S92000003,9.797144
2020/21,2021,20210601,S92000003,9.588763
2020/21,2021,20210602,S92000003,10.43087
2020/21,2021,20210603,S92000003,11.778658
2020/21,2021,20210604,S92000003,13.204225
2020/21,2021,20210607,S92000003,14.613371
2020/21,2021,20210608,S92000003,15.087538
2020/21,2021,20210609,S92000003,14.657122
2020/21,2021,20210610,S92000003,13.7977
2020/21,2021,20210611,S92000003,15.206986
2020/21,2021,20210614,S92000003,14.848837
2020/21,2021,20210615,S92000003,15.428884
2020/21,2021,20210616,S92000003,15.491186
2020/21,2021,20210617,S92000003,15.20467
2020/21,2021,20210618,S92000003,14.854176
2020/21,2021,20210619,S92000003,14.88641
2020/21,2021,20210621,S92000003,17.674089
2020/21,2021,20210622,S92000003,19.952376
2020/21,2021,20210623,S92000003,23.159644
2020/21,2021,20210624,S92000003,25.687638
2020/21,2021,20210625,S92000003,29.052531
2020/21,2021,20210628,S92000003,44.176427
2020/21,2021,20210629,S92000003,48.007597
2020/21,2021,20210630,S92000003,48.397346
2020/21,2021,20210701,S92000003,55.630243
2020/21,2021,20210702,S92000003,70.868745
2020/21,2021,20210705,S92000003,98.511312
2020/21,2021,20210706,S92000003,101.413364
2020/21,2021,20210707,S92000003,94.907191
2020/21,2021,20210708,S92000003,100.415205
2020/21,2021,20210709,S92000003,91.31518
2020/21,2021,20210710,S92000003,91.247755
2020/21,2021,20210712,S92000003,77.640189
2020/21,2021,20210713,S92000003,78.704653
2020/21,2021,20210716,S92000003,75.427777
2020/21,2021,20210719,S92000003,59.02184
2020/21,2021,20210720,S92000003,51.783239
2020/21,2021,20210721,S92000003,52.766305
2020/21,2021,20210722,S92000003,52.521844
2020/21,2021,20210723,S92000003,49.405223
2020/21,2021,20210726,S92000003,45.617003
2020/21,2021,20210727,S92000003,44.506462
2020/21,2021,20210728,S92000003,41.574517
2020/21,2021,20210729,S92000003,41.538215
2020/21,2021,20210730,S92000003,44.256892
2020/21,2021,20210802,S92000003,40.870052
2020/21,2021,20210803,S92000003,40.579955
2020/21,2021,20210804,S92000003,40.398706
2020/21,2021,20210805,S92000003,37.80085
2020/21,2021,20210806,S92000003,36.098119
2020/21,2021,20210809,S92000003,36.11098
2020/21,2021,20210810,S92000003,32.401406
2020/21,2021,20210811,S92000003,28.144138
2020/21,2021,20210812,S92000003,28.753461
2020/21,2021,20210813,S92000003,34.298598
2020/21,2021,20210816,S92000003,39.171875
2020/21,2021,20210817,S92000003,44.604873
2020/21,2021,20210818,S92000003,60.4542
2020/21,2021,20210819,S92000003,63.001689
2020/21,2021,20210820,S92000003,83.026926
2020/21,2021,20210823,S92000003,94.943562
2020/21,2021,20210824,S92000003,104.990136
2020/21,2021,20210825,S92000003,96.971244
2020/21,2021,20210826,S92000003,103.774213
2020/21,2021,20210827,S92000003,108.150238
2020/21,2021,20210830,S92000003,161.300688
2020/21,2021,20210831,S92000003,154.438038
2020/21,2021,20210901,S92000003,171.583424
2020/21,2021,20210902,S92000003,174.227119
2020/21,2021,20210903,S92000003,177.26653
2020/21,2021,20210906,S92000003,173.059035
2020/21,2021,20210907,S92000003,275.442761
2020/21,2021,20210908,S92000003,322.193272
2020/21,2021,20210909,S92000003,278.938237
2020/21,2021,20210910,S92000003,272.248561
2020/21,2021,20210913,S92000003,257.337195
2020/21,2021,20210914,S92000003,131.975065
2020/21,2021,20210915,S92000003,138.284413
2020/21,2021,20210916,S92000003,130.73085
2020/21,2021,20210917,S92000003,119.530772
2020/21,2021,20210920,S92000003,96.890108
2020/21,2021,20210921,S92000003,97.29104
2020/21,2021,20210922,S92000003,90.934667
2020/21,2021,20210923,S92000003,87.886026
2020/21,2021,20210924,S92000003,82.899545
2020/21,2021,20210927,S92000003,96.9882
2020/21,2021,20210928,S92000003,86.336076
2020/21,2021,20210929,S92000003,87.250999
2020/21,2021,20210930,S92000003,97.423097
2020/21,2021,20211001,S92000003,98.100036
2021/22,2021,20211004,S92000003,83.602406
2021/22,2021,20211005,S92000003,89.579872
2021/22,2021,20211006,S92000003,73.580886
2021/22,2021,20211007,S92000003,59.998493
2021/22,2021,20211008,S92000003,58.628292
2021/22,2021,20211011,S92000003,53.419278
2021/22,2021,20211012,S92000003,54.668748
2021/22,2021,20211013,S92000003,54.413363
2021/22,2021,20211014,S92000003,57.919433
2021/22,2021,20211015,S92000003,61.342482
2021/22,2021,20211018,S92000003,58.678248
2021/22,2021,20211019,S92000003,57.81866
2021/22,2021,20211020,S92000003,57.957187
2021/22,2021,20211021,S92000003,56.600845
2021/22,2021,20211022,S92000003,49.497335
2021/22,2021,20211025,S92000003,52.412379
2021/22,2021,20211026,S92000003,56.124782
2021/22,2021,20211027,S92000003,69.071923
2021/22,2021,20211028,S92000003,73.965751
2021/22,2021,20211029,S92000003,73.725046
2021/22,2021,20211101,S92000003,69.700502
2021/22,2021,20211102,S92000003,62.337266
2021/22,2021,20211103,S92000003,53.714583
2021/22,2021,20211104,S92000003,54.090077
2021/22,2021,20211105,S92000003,50.537111
2021/22,2021,20211107,S92000003,50.427653
2021/22,2021,20211108,S92000003,57.316733
2021/22,2021,20211109,S92000003,60.005332
2021/22,2021,20211110,S92000003,55.884256
2021/22,2021,20211111,S92000003,57.202508
2021/22,2021,20211112,S92000003,57.303167
2021/22,2021,20211115,S92000003,57.669946
2021/22,2021,20211116,S92000003,62.647627
2021/22,2021,20211117,S92000003,68.22209
2021/22,2021,20211118,S92000003,69.495754
2021/22,2021,20211119,S92000003,73.868848
2021/22,2021,20211121,S92000003,73.953874
2021/22,2021,20211122,S92000003,74.738847
2021/22,2021,20211123,S92000003,72.351879
2021/22,2021,20211124,S92000003,75.953333
2021/22,2021,20211125,S92000003,78.854271
2021/22,2021,20211129,S92000003,76.638133
2021/22,2021,20211130,S92000003,77.978847
2021/22,2021,20211201,S92000003,76.780607
2021/22,2021,20211204,S92000003,74.080225
2021/22,2021,20211206,S92000003,87.28348
2021/22,2021,20211207,S92000003,77.79297
2021/22,2021,20211208,S92000003,68.067796
2021/22,2021,20211209,S92000003,66.845784
2021/22,2021,20211210,S92000003,63.459897
2021/22,2021,20211213,S92000003,54.898854
2021/22,2021,20211214,S92000003,66.3614
2021/22,2021,20211215,S92000003,88.118114
2021/22,2021,20211216,S92000003,86.686466
2021/22,2021,20211217,S92000003,103.324175
2021/22,2021,20211219,S92000003,103.524237
2021/22,2021,20211220,S92000003,123.55775
2021/22,2021,20211229,S92000003,224.805782
2021/22,2022,20220103,S92000003,216.87049
2021/22,2022,20220104,S92000003,174.77806
2021/22,2022,20220105,S92000003,85.35803
2021/22,2022,20220106,S92000003,89.488171
2021/22,2022,20220107,S92000003,102.830284
2021/22,2022,20220110,S92000003,106.850667
2021/22,2022,20220111,S92000003,97.090116
2021/22,2022,20220112,S92000003,89.363429
2021/22,2022,20220113,S92000003,89.360176
2021/22,2022,20220114,S92000003,77.583201
2021/22,2022,20220117,S92000003,60.266737
2021/22,2022,20220118,S92000003,60.641046
2021/22,2022,20220119,S92000003,61.540577
2021/22,2022,20220120,S92000003,53.971707
2021/22,2022,20220121,S92000003,50.243262
2021/22,2022,20220124,S92000003,49.98414
2021/22,2022,20220125,S92000003,50.314454
2021/22,2022,20220126,S92000003,46.426886
2021/22,2022,20220127,S92000003,47.497401
2021/22,2022,20220128,S92000003,46.189989
2021/22,2022,20220131,S92000003,50.521257
2021/22,2022,20220201,S92000003,51.063124
2021/22,2022,20220202,S92000003,44.974283
2021/22,2022,20220203,S92000003,46.084228
2021/22,2022,20220204,S92000003,52.988683
2021/22,2022,20220207,S92000003,50.238846
2021/22,2022,20220208,S92000003,58.630224
2021/22,2022,20220209,S92000003,71.388913
2021/22,2022,20220210,S92000003,79.75849
2021/22,2022,20220211,S92000003,79.377779
2021/22,2022,20220214,S92000003,82.303414
2021/22,2022,20220215,S92000003,77.005569
2021/22,2022,20220216,S92000003,80.912812
2021/22,2022,20220217,S92000003,74.302498
2021/22,2022,20220218,S92000003,71.898628
2021/22,2022,20220219,S92000003,71.927638
2021/22,2022,20220221,S92000003,72.087214
2021/22,2022,20220222,S92000003,71.734211
2021/22,2022,20220223,S92000003,63.762555
2021/22,2022,20220224,S92000003,65.23097
2021/22,2022,20220225,S92000003,64.10153
2021/22,2022,20220228,S92000003,69.868484
2021/22,2022,20220301,S92000003,71.594168
2021/22,2022,20220302,S92000003,82.879425
2021/22,2022,20220303,S92000003,88.583631
2021/22,2022,20220304,S92000003,102.291057
2021/22,2022,20220307,S92000003,119.532981
2021/22,2022,20220308,S92000003,128.165773
2021/22,2022,20220309,S92000003,150.607969
2021/22,2022,20220310,S92000003,159.525851
2021/22,2022,20220311,S92000003,175.677514
2021/22,2022,20220313,S92000003,175.574187
2021/22,2022,20220314,S92000003,192.036305
2021/22,2022,20220315,S92000003,204.917765
2021/22,2022,20220316,S92000003,193.407124
2021/22,2022,20220317,S92000003,195.608468
2021/22,2022,20220318,S92000003,198.123272
2021/22,2022,20220321,S92000003,181.876605
2021/22,2022,20220322,S92000003,197.803901
2021/22,2022,20220323,S92000003,246.839908
2021/22,2022,20220324,S92000003,244.599109
2021/22,2022,20220325,S92000003,252.858232
2021/22,2022,20220328,S92000003,301.311255
2021/22,2022,20220329,S92000003,297.652559
2021/22,2022,20220330,S92000003,289.153321
2021/22,2022,20220331,S92000003,300.954287
2021/22,2022,20220401,S92000003,256.726705
2021/22,2022,20220404,S92000003,226.635711
2021/22,2022,20220405,S92000003,200.538313
2021/22,2022,20220406,S92000003,206.464609
2021/22,2022,20220407,S92000003,203.878299
2021/22,2022,20220408,S92000003,204.756956
2021/22,2022,20220411,S92000003,216.284076
2021/22,2022,20220412,S92000003,217.699976
2021/22,2022,20220413,S92000003,182.236254
2021/22,2022,20220414,S92000003,186.173448
2021/22,2022,20220415,S92000003,205.229629
2021/22,2022,20220418,S92000003,144.976198
2021/22,2022,20220419,S92000003,116.760863
2021/22,2022,20220420,S92000003,105.765717
2021/22,2022,20220421,S92000003,103.501566
2021/22,2022,20220422,S92000003,88.073764
2021/22,2022,20220425,S92000003,89.050691
2021/22,2022,20220426,S92000003,96.926604
2021/22,2022,20220427,S92000003,97.097325
2021/22,2022,20220428,S92000003,118.038763
2021/22,2022,20220429,S92000003,87.067642
2021/22,2022,20220502,S92000003,83.780728
2021/22,2022,20220503,S92000003,75.01356
2021/22,2022,20220504,S92000003,80.400144
2021/22,2022,20220505,S92000003,59.858226
2021/22,2022,20220506,S92000003,66.619218
2021/22,2022,20220509,S92000003,80.72815
2021/22,2022,20220510,S92000003,86.05353
2021/22,2022,20220511,S92000003,80.742415
2021/22,2022,20220512,S92000003,88.294885
2021/22,2022,20220513,S92000003,82.265426
2021/22,2022,20220516,S92000003,76.501481
2021/22,2022,20220517,S92000003,74.763928
2021/22,2022,20220518,S92000003,77.993012
2021/22,2022,20220519,S92000003,74.814055
2021/22,2022,20220520,S92000003,72.514129
2021/22,2022,20220523,S92000003,67.083807
2021/22,2022,20220524,S92000003,68.105509
2021/22,2022,20220525,S92000003,60.336389
2021/22,2022,20220526,S92000003,65.838165
2021/22,2022,20220527,S92000003,72.073089
2021/22,2022,20220530,S92000003,75.253273
2021/22,2022,20220531,S92000003,84.670231
2021/22,2022,20220601,S92000003,106.922066
2021/22,2022,20220603,S92000003,112.085833
2021/22,2022,20220606,S92000003,112.539488
2021/22,2022,20220607,S92000003,94.154154
2021/22,2022,20220608,S92000003,57.680967
2021/22,2022,20220609,S92000003,57.221187
2021/22,2022,20220610,S92000003,57.348906
2021/22,2022,20220613,S92000003,76.183077
2021/22,2022,20220614,S92000003,86.72605
2021/22,2022,20220615,S92000003,106.513756
2021/22,2022,20220616,S92000003,122.691513
2021/22,2022,20220617,S92000003,123.406687
2021/22,2022,20220620,S92000003,156.789842
2021/22,2022,20220621,S92000003,171.87098
2021/22,2022,20220622,S92000003,161.197036
2021/22,2022,20220623,S92000003,164.442161
2021/22,2022,20220624,S92000003,167.057887
2021/22,2022,20220627,S92000003,156.939304
2021/22,2022,20220628,S92000003,159.595266
2021/22,2022,20220629,S92000003,183.216714
2021/22,2022,20220630,S92000003,178.466147
2021/22,2022,20220701,S92000003,162.085933
2021/22,2022,20220704,S92000003,163.203678
2021/22,2022,20220705,S92000003,149.439137
2021/22,2022,20220706,S92000003,130.704928
2021/22,2022,20220707,S92000003,111.967991
2021/22,2022,20220708,S92000003,110.049409
2021/22,2022,20220711,S92000003,93.041249
2021/22,2022,20220712,S92000003,87.972262
2021/22,2022,20220713,S92000003,107.948359
2021/22,2022,20220714,S92000003,127.512942
2021/22,2022,20220715,S92000003,117.505414
2021/22,2022,20220718,S92000003,117.180516
2021/22,2022,20220719,S92000003,116.030422
2021/22,2022,20220720,S92000003,92.762949
2021/22,2022,20220721,S92000003,77.69377
2021/22,2022,20220722,S92000003,92.841684
2021/22,2022,20220725,S92000003,82.68982
2021/22,2022,20220726,S92000003,76.539006
2021/22,2022,20220727,S92000003,71.063002
2021/22,2022,20220728,S92000003,63.935263
2021/22,2022,20220729,S92000003,53.727465
2021/22,2022,20220801,S92000003,55.877716
2021/22,2022,20220802,S92000003,60.09401
2021/22,2022,20220803,S92000003,56.976217
2021/22,2022,20220804,S92000003,64.966408
2021/22,2022,20220805,S92000003,66.403929
2021/22,2022,20220808,S92000003,62.197918
2021/22,2022,20220809,S92000003,57.545905
2021/22,2022,20220810,S92000003,67.898221
2021/22,2022,20220811,S92000003,63.490954
2021/22,2022,20220812,S92000003,61.181068
2021/22,2022,20220815,S92000003,61.190083
2021/22,2022,20220816,S92000003,61.157662
2021/22,2022,20220817,S92000003,49.984408
2021/22,2022,20220818,S92000003,52.247852
2021/22,2022,20220819,S92000003,53.52809
2021/22,2022,20220822,S92000003,58.06627
2021/22,2022,20220823,S92000003,61.780859
2021/22,2022,20220824,S92000003,68.602332
2021/22,2022,20220825,S92000003,69.688695
2021/22,2022,20220826,S92000003,78.818689
2021/22,2022,20220829,S92000003,74.265356
2021/22,2022,20220830,S92000003,72.303045
2021/22,2022,20220831,S92000003,92.439177
2021/22,2022,20220901,S92000003,91.265239
2021/22,2022,20220902,S92000003,74.319942
2021/22,2022,20220905,S92000003,74.285204
2021/22,2022,20220906,S92000003,69.947576
2021/22,2022,20220907,S92000003,59.790282
2021/22,2022,20220908,S92000003,57.697534
2021/22,2022,20220909,S92000003,53.800079
2021/22,2022,20220912,S92000003,55.900711
2021/22,2022,20220913,S92000003,58.317925
2021/22,2022,20220914,S92000003,51.322428
2021/22,2022,20220915,S92000003,51.227141
2021/22,2022,20220916,S92000003,55.702509
2021/22,2022,20220918,S92000003,55.712487
2021/22,2022,20220919,S92000003,59.760323
2021/22,2022,20220920,S92000003,60.156005
2021/22,2022,20220921,S92000003,60.713992
2021/22,2022,20220922,S92000003,69.541358
2021/22,2022,20220923,S92000003,69.944303
2021/22,2022,20220926,S92000003,67.95164
2021/22,2022,20220927,S92000003,65.233352
2021/22,2022,20220928,S92000003,79.616067
2021/22,2022,20220929,S92000003,82.649699
2021/22,2022,20220930,S92000003,84.716357
2022/23,2022,20221003,S92000003,83.440004
2022/23,2022,20221004,S92000003,87.588253
2022/23,2022,20221005,S92000003,69.756571
2022/23,2022,20221006,S92000003,60.985143
2022/23,2022,20221007,S92000003,58.412629
2022/23,2022,20221008,S92000003,56.753286
2022/23,2022,20221010,S92000003,59.800711
2022/23,2022,20221011,S92000003,60.175367
2022/23,2022,20221012,S92000003,82.455364
2022/23,2022,20221013,S92000003,84.099855
2022/23,2022,20221014,S92000003,86.299839
2022/23,2022,20221017,S92000003,78.389021
2022/23,2022,20221018,S92000003,72.606625
2022/23,2022,20221019,S92000003,51.887841
2022/23,2022,20221020,S92000003,47.933249000000004
2022/23,2022,20221021,S92000003,60.255558
2022/23,2022,20221024,S92000003,61.145814
2022/23,2022,20221025,S92000003,60.07001
2022/23,2022,20221026,S92000003,57.253127
2022/23,2022,20221027,S92000003,53.248349
2022/23,2022,20221028,S92000003,38.729203
2022/23,2022,20221031,S92000003,33.476161
2022/23,2022,20221101,S92000003,30.599072
2022/23,2022,20221102,S92000003,29.823644
2022/23,2022,20221103,S92000003,29.860072
2022/23,2022,20221104,S92000003,26.598457
2022/23,2022,20221107,S92000003,25.416846
2022/23,2022,20221108,S92000003,24.210689
2022/23,2022,20221109,S92000003,21.291139
2022/23,2022,20221110,S92000003,25.695696
2022/23,2022,20221111,S92000003,28.737867
2022/23,2022,20221114,S92000003,27.602815
2022/23,2022,20221115,S92000003,30.829755
2022/23,2022,20221116,S92000003,32.241457
2022/23,2022,20221117,S92000003,32.960108
2022/23,2022,20221118,S92000003,32.809532
2022/23,2022,20221121,S92000003,37.450546
2022/23,2022,20221122,S92000003,36.955589
2022/23,2022,20221123,S92000003,44.614871
2022/23,2022,20221124,S92000003,40.917268
2022/23,2022,20221125,S92000003,38.637611
2022/23,2022,20221128,S92000003,43.524558
2022/23,2022,20221129,S92000003,46.600221
2022/23,2022,20221130,S92000003,47.636453
2022/23,2022,20221201,S92000003,51.642534
2022/23,2022,20221202,S92000003,51.351805
2022/23,2022,20221204,S92000003,51.202858
2022/23,2022,20221205,S92000003,42.310886000000004
2022/23,2022,20221206,S92000003,46.439201
2022/23,2022,20221207,S92000003,47.145489
2022/23,2022,20221208,S92000003,45.348231
2022/23,2022,20221212,S92000003,54.394855
2022/23,2022,20221213,S92000003,72.373401
2022/23,2022,20221214,S92000003,68.986731
2022/23,2022,20221215,S92000003,86.307288
2022/23,2022,20221216,S92000003,87.906296
2022/23,2022,20221219,S92000003,88.197274
2022/23,2022,20221220,S92000003,77.155372
2022/23,2022,20221221,S92000003,67.257303
2022/23,2022,20221222,S92000003,55.704259
2022/23,2022,20221223,S92000003,47.431626
2022/23,2022,20221226,S92000003,35.818036
2022/23,2022,20221227,S92000003,13.096019
2022/23,2022,20221228,S92000003,15.952972
2022/23,2022,20221229,S92000003,13.400464
2022/23,2022,20221230,S92000003,11.018377
2022/23,2023,20230102,S92000003,15.440633
2022/23,2023,20230103,S92000003,18.352256
2022/23,2023,20230104,S92000003,34.796182
2022/23,2023,20230105,S92000003,46.872755
2022/23,2023,20230106,S92000003,51.186243
2022/23,2023,20230109,S92000003,49.214825
2022/23,2023,20230110,S92000003,45.060884
2022/23,2023,20230111,S92000003,40.272375
2022/23,2023,20230112,S92000003,37.482875
2022/23,2023,20230113,S92000003,38.52193
2022/23,2023,20230114,S92000003,38.061825
2022/23,2023,20230116,S92000003,42.070775
2022/23,2023,20230117,S92000003,36.038356
2022/23,2023,20230118,S92000003,31.976281
2022/23,2023,20230119,S92000003,30.975914
2022/23,2023,20230120,S92000003,27.183082
2022/23,2023,20230123,S92000003,20.376031
2022/23,2023,20230124,S92000003,24.866972
2022/23,2023,20230125,S92000003,24.426129
2022/23,2023,20230126,S92000003,24.250572
2022/23,2023,20230127,S92000003,24.08401
2022/23,2023,20230130,S92000003,38.007583
2022/23,2023,20230131,S92000003,43.377815
2022/23,2023,20230201,S92000003,49.859039
2022/23,2023,20230202,S92000003,51.15557
2022/23,2023,20230203,S92000003,53.142775
2022/23,2023,20230206,S92000003,36.92132
2022/23,2023,20230207,S92000003,33.33404
2022/23,2023,20230208,S92000003,29.052448
2022/23,2023,20230209,S92000003,31.723346
2022/23,2023,20230210,S92000003,31.892277
2022/23,2023,20230213,S92000003,36.286426
2022/23,2023,20230214,S92000003,35.426063
2022/23,2023,20230215,S92000003,32.840317
2022/23,2023,20230216,S92000003,34.180067
2022/23,2023,20230217,S92000003,38.771373
2022/23,2023,20230220,S92000003,41.616836
2022/23,2023,20230221,S92000003,46.512252
2022/23,2023,20230222,S92000003,46.591543
2022/23,2023,20230223,S92000003,45.846947
2022/23,2023,20230224,S92000003,41.116813
2022/23,2023,20230227,S92000003,38.026008
2022/23,2023,20230228,S92000003,37.71172
2022/23,2023,20230301,S92000003,35.289208
2022/23,2023,20230302,S92000003,32.8924
2022/23,2023,20230303,S92000003,32.244
2022/23,2023,20230306,S92000003,32.375771
2022/23,2023,20230307,S92000003,36.549563
2022/23,2023,20230308,S92000003,36.033078
2022/23,2023,20230309,S92000003,38.165094
2022/23,2023,20230310,S92000003,39.053658
2022/23,2023,20230313,S92000003,39.875976
2022/23,2023,20230314,S92000003,32.833226
2022/23,2023,20230315,S92000003,50.673998
2022/23,2023,20230316,S92000003,62.313191
2022/23,2023,20230317,S92000003,59.831405
2022/23,2023,20230320,S92000003,68.152894
2022/23,2023,20230321,S92000003,79.676022
2022/23,2023,20230322,S92000003,75.615698
2022/23,2023,20230323,S92000003,69.92546
2022/23,2023,20230324,S92000003,75.286078
2022/23,2023,20230326,S92000003,74.943484
2022/23,2023,20230327,S92000003,58.872201
2022/23,2023,20230328,S92000003,55.922421
2022/23,2023,20230329,S92000003,48.869898
2022/23,2023,20230330,S92000003,48.051954
2022/23,2023,20230331,S92000003,41.786282
2022/23,2023,20230403,S92000003,39.94941
2022/23,2023,20230404,S92000003,37.862662
2022/23,2023,20230405,S92000003,29.307722
2022/23,2023,20230406,S92000003,26.182986
2022/23,2023,20230407,S92000003,24.829618
2022/23,2023,20230410,S92000003,24.225957
2022/23,2023,20230411,S92000003,24.97554
2022/23,2023,20230412,S92000003,28.88691
2022/23,2023,20230413,S92000003,28.647973
2022/23,2023,20230414,S92000003,34.80193
2022/23,2023,20230415,S92000003,34.805097
2022/23,2023,20230417,S92000003,29.854441
2022/23,2023,20230418,S92000003,28.182096
2022/23,2023,20230419,S92000003,26.018439
2022/23,2023,20230420,S92000003,24.317553
2022/23,2023,20230421,S92000003,19.006308
2022/23,2023,20230424,S92000003,16.349597
2022/23,2023,20230425,S92000003,14.775295
2022/23,2023,20230426,S92000003,14.793253
2022/23,2023,20230427,S92000003,13.952944
2022/23,2023,20230428,S92000003,15.310645
2022/23,2023,20230501,S92000003,17.409002
2022/23,2023,20230502,S92000003,21.246296
2022/23,2023,20230503,S92000003,17.307254
2022/23,2023,20230504,S92000003,17.874948
2022/23,2023,20230505,S92000003,19.294862
2022/23,2023,20230508,S92000003,24.014759
2022/23,2023,20230509,S92000003,23.203887
2022/23,2023,20230510,S92000003,25.368837
2022/23,2023,20230511,S92000003,32.818464
2022/23,2023,20230512,S92000003,31.816559
2022/23,2023,20230515,S92000003,27.614403
2022/23,2023,20230516,S92000003,27.798715
2022/23,2023,20230517,S92000003,25.382153
2022/23,2023,20230518,S92000003,16.690361
2022/23,2023,20230519,S92000003,13.952025
2022/23,2023,20230522,S92000003,11.814436
2022/23,2023,20230523,S92000003,10.057146
2022/23,2023,20230524,S92000003,11.300533
2022/23,2023,20230525,S92000003,12.529799
2022/23,2023,20230526,S92000003,12.064
2022/23,2023,20230529,S92000003,10.878444
2022/23,2023,20230530,S92000003,9.956898
2022/23,2023,20230531,S92000003,9.838896
2022/23,2023,20230601,S92000003,8.868106
2022/23,2023,20230602,S92000003,9.725584
2022/23,2023,20230605,S92000003,9.777839
2022/23,2023,20230606,S92000003,9.484486
2022/23,2023,20230607,S92000003,9.292655
2022/23,2023,20230608,S92000003,8.543612
2022/23,2023,20230609,S92000003,8.704752
2022/23,2023,20230612,S92000003,9.777822
2022/23,2023,20230613,S92000003,12.072844
2022/23,2023,20230614,S92000003,11.927572
2022/23,2023,20230615,S92000003,12.455117
2022/23,2023,20230616,S92000003,13.275065
2022/23,2023,20230619,S92000003,14.417398
2022/23,2023,20230620,S92000003,14.291878
2022/23,2023,20230621,S92000003,11.609136
2022/23,2023,20230622,S92000003,10.191929
2022/23,2023,20230623,S92000003,8.0897
2022/23,2023,20230625,S92000003,8.095061
2022/23,2023,20230626,S92000003,9.269579
2022/23,2023,20230627,S92000003,12.100853
2022/23,2023,20230628,S92000003,13.121667
2022/23,2023,20230629,S92000003,14.375417
2022/23,2023,20230630,S92000003,17.029624
2022/23,2023,20230703,S92000003,17.094855
2022/23,2023,20230704,S92000003,16.472047
2022/23,2023,20230705,S92000003,18.035198
2022/23,2023,20230706,S92000003,18.730777
2022/23,2023,20230707,S92000003,18.017384
2022/23,2023,20230710,S92000003,19.311651
2022/23,2023,20230711,S92000003,21.886188
2022/23,2023,20230712,S92000003,22.505646
2022/23,2023,20230713,S92000003,23.09517
2022/23,2023,20230714,S92000003,24.403343
2022/23,2023,20230717,S92000003,27.049828
2022/23,2023,20230718,S92000003,28.380643
2022/23,2023,20230719,S92000003,52.287795
2022/23,2023,20230720,S92000003,74.423925
2022/23,2023,20230721,S92000003,86.41069
2022/23,2023,20230724,S92000003,72.34908
2022/23,2023,20230725,S92000003,73.49629
2022/23,2023,20230726,S92000003,62.541494
2022/23,2023,20230727,S92000003,52.061604
2022/23,2023,20230728,S92000003,48.092638
2022/23,2023,20230731,S92000003,50.350423
2022/23,2023,20230801,S92000003,52.190498
2022/23,2023,20230802,S92000003,69.253812
2022/23,2023,20230803,S92000003,75.46281
2022/23,2023,20230804,S92000003,80.186613
2022/23,2023,20230807,S92000003,72.422007
2022/23,2023,20230808,S92000003,69.46843
2022/23,2023,20230809,S92000003,68.159672
2022/23,2023,20230810,S92000003,78.133235
2022/23,2023,20230811,S92000003,96.005191
2022/23,2023,20230814,S92000003,118.662921
2022/23,2023,20230815,S92000003,144.76474
2022/23,2023,20230816,S92000003,153.606831
2022/23,2023,20230817,S92000003,162.042609
2022/23,2023,20230818,S92000003,149.200806
2022/23,2023,20230821,S92000003,134.839861
2022/23,2023,20230822,S92000003,102.651634
2022/23,2023,20230823,S92000003,85.383759
2022/23,2023,20230824,S92000003,72.809853
2022/23,2023,20230825,S92000003,78.798841
2022/23,2023,20230828,S92000003,68.870244
2022/23,2023,20230829,S92000003,76.152299
2022/23,2023,20230830,S92000003,68.911952
2022/23,2023,20230831,S92000003,63.915023
2022/23,2023,20230901,S92000003,50.276042
2022/23,2023,20230904,S92000003,47.925008
2022/23,2023,20230905,S92000003,47.352344
2022/23,2023,20230906,S92000003,58.105913
2022/23,2023,20230907,S92000003,61.007494
2022/23,2023,20230908,S92000003,68.879676
2022/23,2023,20230911,S92000003,72.405599
2022/23,2023,20230912,S92000003,68.675933
2022/23,2023,20230913,S92000003,65.486128
2022/23,2023,20230914,S92000003,66.375513
2022/23,2023,20230915,S92000003,59.328235
2022/23,2023,20230916,S92000003,59.227756
2022/23,2023,20230918,S92000003,75.633202
2022/23,2023,20230919,S92000003,86.87105
2022/23,2023,20230920,S92000003,88.818146
2022/23,2023,20230921,S92000003,95.449809
2022/23,2023,20230922,S92000003,119.050298
2022/23,2023,20230925,S92000003,123.097799
2022/23,2023,20230926,S92000003,126.470498
2022/23,2023,20230927,S92000003,109.654948
2022/23,2023,20230928,S92000003,89.626847
2022/23,2023,20230929,S92000003,64.067558
2023/24,2023,20231002,S92000003,58.895608
2023/24,2023,20231003,S92000003,56.155185
2023/24,2023,20231004,S92000003,56.717192
2023/24,2023,20231005,S92000003,57.047188
2023/24,2023,20231006,S92000003,60.035824
2023/24,2023,20231009,S92000003,44.315319
2023/24,2023,20231010,S92000003,26.864347
2023/24,2023,20231011,S92000003,26.120103
2023/24,2023,20231012,S92000003,26.520497
2023/24,2023,20231013,S92000003,25.142298
2023/24,2023,20231014,S92000003,25.870565
2023/24,2023,20231015,S92000003,27.540802
2023/24,2023,20231016,S92000003,33.856736
2023/24,2023,20231017,S92000003,39.628726
2023/24,2023,20231018,S92000003,41.256577
2023/24,2023,20231019,S92000003,42.188973
2023/24,2023,20231020,S92000003,40.204012
2023/24,2023,20231023,S92000003,41.076515
2023/24,2023,20231024,S92000003,43.979029
2023/24,2023,20231025,S92000003,39.796002
2023/24,2023,20231026,S92000003,38.276835
2023/24,2023,20231027,S92000003,39.043503
2023/24,2023,20231028,S92000003,39.000914
2023/24,2023,20231030,S92000003,36.755399
2023/24,2023,20231031,S92000003,27.496088
2023/24,2023,20231101,S92000003,35.31745
2023/24,2023,20231102,S92000003,36.388583
2023/24,2023,20231103,S92000003,34.012141
2023/24,2023,20231106,S92000003,41.961425
2023/24,2023,20231107,S92000003,39.815054
2023/24,2023,20231108,S92000003,31.884242
2023/24,2023,20231109,S92000003,30.356679
2023/24,2023,20231110,S92000003,34.608673
2023/24,2023,20231111,S92000003,34.572913
2023/24,2023,20231113,S92000003,28.760973
2023/24,2023,20231114,S92000003,22.907381
2023/24,2023,20231115,S92000003,19.885853
2023/24,2023,20231116,S92000003,19.366415
2023/24,2023,20231117,S92000003,16.396856
2023/24,2023,20231119,S92000003,16.395416
2023/24,2023,20231120,S92000003,17.39469
2023/24,2023,20231121,S92000003,19.745628
2023/24,2023,20231122,S92000003,24.038462
2023/24,2023,20231123,S92000003,26.836578
2023/24,2023,20231124,S92000003,28.08642
2023/24,2023,20231127,S92000003,31.021035
2023/24,2023,20231128,S92000003,31.059335
2023/24,2023,20231129,S92000003,36.339566
2023/24,2023,20231130,S92000003,42.066582
2023/24,2023,20231201,S92000003,48.20443
2023/24,2023,20231204,S92000003,48.086872
2023/24,2023,20231205,S92000003,50.43806
2023/24,2023,20231206,S92000003,48.595299
2023/24,2023,20231207,S92000003,43.237598
2023/24,2023,20231208,S92000003,39.265025
2023/24,2023,20231211,S92000003,52.779422
2023/24,2023,20231212,S92000003,57.182557
2023/24,2023,20231213,S92000003,54.702379
2023/24,2023,20231214,S92000003,53.652951
2023/24,2023,20231215,S92000003,54.680093
2023/24,2023,20231218,S92000003,50.539237
2023/24,2023,20231219,S92000003,45.955951
2023/24,2023,20231220,S92000003,51.740497
2023/24,2023,20231221,S92000003,63.074334
2023/24,2023,20231225,S92000003,64.409014
2023/24,2023,20231226,S92000003,74.444619
2023/24,2023,20231227,S92000003,66.047592
2023/24,2023,20231228,S92000003,42.58169
2023/24,2023,20231229,S92000003,43.108271
2023/24,2024,20240101,S92000003,44.343061
2023/24,2024,20240102,S92000003,44.703622
2023/24,2024,20240103,S92000003,47.08254
2023/24,2024,20240104,S92000003,55.919623
2023/24,2024,20240105,S92000003,53.478948
2023/24,2024,20240108,S92000003,48.11829
2023/24,2024,20240109,S92000003,46.026972
2023/24,2024,20240110,S92000003,44.016161
2023/24,2024,20240111,S92000003,41.358728
2023/24,2024,20240112,S92000003,38.589214
2023/24,2024,20240115,S92000003,37.970495
2023/24,2024,20240116,S92000003,33.742363
2023/24,2024,20240117,S92000003,27.448091
2023/24,2024,20240118,S92000003,22.72224
2023/24,2024,20240119,S92000003,23.280132
2023/24,2024,20240122,S92000003,18.416389
2023/24,2024,20240123,S92000003,18.707431
2023/24,2024,20240124,S92000003,19.139865
2023/24,2024,20240125,S92000003,17.408528
2023/24,2024,20240126,S92000003,18.429421
2023/24,2024,20240129,S92000003,20.337768
2023/24,2024,20240130,S92000003,21.047596
2023/24,2024,20240131,S92000003,21.192479
2023/24,2024,20240201,S92000003,21.626624
2023/24,2024,20240202,S92000003,19.870406
2023/24,2024,20240205,S92000003,18.031668
2023/24,2024,20240206,S92000003,15.28412
2023/24,2024,20240207,S92000003,15.127643
2023/24,2024,20240208,S92000003,15.122025
2023/24,2024,20240209,S92000003,15.662761
2023/24,2024,20240212,S92000003,17.281193
2023/24,2024,20240213,S92000003,18.358701
2023/24,2024,20240214,S92000003,17.708196
2023/24,2024,20240215,S92000003,17.865192
2023/24,2024,20240216,S92000003,18.567762
2023/24,2024,20240219,S92000003,18.059446
2023/24,2024,20240220,S92000003,16.242158
2023/24,2024,20240221,S92000003,14.405845
2023/24,2024,20240222,S92000003,14.485576
2023/24,2024,20240223,S92000003,11.659017
2023/24,2024,20240225,S92000003,11.763888
2023/24,2024,20240226,S92000003,12.784481
2023/24,2024,20240227,S92000003,12.963558
2023/24,2024,20240228,S92000003,13.124025
2023/24,2024,20240229,S92000003,12.506778
2023/24,2024,20240301,S92000003,12.388925
2023/24,2024,20240304,S92000003,10.233934
2023/24,2024,20240305,S92000003,9.021639
2023/24,2024,20240306,S92000003,9.138255
2023/24,2024,20240307,S92000003,8.658767
2023/24,2024,20240308,S92000003,8.49976
2023/24,2024,20240311,S92000003,8.005132
2023/24,2024,20240312,S92000003,7.521134
2023/24,2024,20240313,S92000003,6.584217
2023/24,2024,20240314,S92000003,6.282601
2023/24,2024,20240315,S92000003,6.032938
2023/24,2024,20240318,S92000003,6.830381
2023/24,2024,20240319,S92000003,7.586504
2023/24,2024,20240320,S92000003,7.879688
2023/24,2024,20240321,S92000003,7.780024
2023/24,2024,20240322,S92000003,7.779805
2023/24,2024,20240325,S92000003,7.77101
2023/24,2024,20240326,S92000003,6.753717
2023/24,2024,20240327,S92000003,6.908733
2023/24,2024,20240328,S92000003,7.101946
2023/24,2024,20240329,S92000003,7.332784
2023/24,2024,20240401,S92000003,6.831622
2023/24,2024,20240402,S92000003,8.166946
2023/24,2024,20240403,S92000003,8.020429
2023/24,2024,20240404,S92000003,7.938614
2023/24,2024,20240405,S92000003,7.584378
2023/24,2024,20240408,S92000003,7.482111
2023/24,2024,20240409,S92000003,6.772892
2023/24,2024,20240410,S92000003,6.157567
2023/24,2024,20240411,S92000003,6.655909
2023/24,2024,20240412,S92000003,6.899997
2023/24,2024,20240415,S92000003,8.129692
2023/24,2024,20240416,S92000003,8.107843
2023/24,2024,20240417,S92000003,9.64597
2023/24,2024,20240418,S92000003,9.965167
2023/24,2024,20240419,S92000003,10.310307
2023/24,2024,20240422,S92000003,9.60409
2023/24,2024,20240423,S92000003,10.284818
2023/24,2024,20240424,S92000003,10.398477
2023/24,2024,20240425,S92000003,10.643982
2023/24,2024,20240426,S92000003,10.471053
2023/24,2024,20240428,S92000003,10.336105
2023/24,2024,20240429,S92000003,10.647985
2023/24,2024,20240430,S92000003,11.444358
2023/24,2024,20240501,S92000003,11.620353
2023/24,2024,20240502,S92000003,11.270249
2023/24,2024,20240503,S92000003,12.514271
2023/24,2024,20240506,S92000003,13.460169
2023/24,2024,20240507,S92000003,13.067924
2023/24,2024,20240508,S92000003,12.652515
2023/24,2024,20240509,S92000003,13.351804
2023/24,2024,20240510,S92000003,13.654864
2023/24,2024,20240513,S92000003,13.7874
2023/24,2024,20240514,S92000003,16.04143
2023/24,2024,20240515,S92000003,19.253842
2023/24,2024,20240516,S92000003,19.241062
2023/24,2024,20240517,S92000003,19.291292
2023/24,2024,20240520,S92000003,19.66516
2023/24,2024,20240521,S92000003,18.637549
2023/24,2024,20240522,S92000003,20.070127
2023/24,2024,20240523,S92000003,21.329475
2023/24,2024,20240524,S92000003,21.110509
2023/24,2024,20240527,S92000003,24.717122
2023/24,2024,20240528,S92000003,25.730323
2023/24,2024,20240529,S92000003,29.905342
2023/24,2024,20240530,S92000003,32.616204
2023/24,2024,20240531,S92000003,35.29498
2023/24,2024,20240603,S92000003,34.985325
2023/24,2024,20240604,S92000003,34.763614
2023/24,2024,20240605,S92000003,30.74717
2023/24,2024,20240606,S92000003,26.892494
2023/24,2024,20240607,S92000003,27.095521
2023/24,2024,20240610,S92000003,29.690153
2023/24,2024,20240611,S92000003,30.163842
2023/24,2024,20240612,S92000003,31.415291
2023/24,2024,20240613,S92000003,37.552753
2023/24,2024,20240614,S92000003,40.688334
2023/24,2024,20240617,S92000003,51.196915
2023/24,2024,20240618,S92000003,66.36754
2023/24,2024,20240619,S92000003,78.817817
2023/24,2024,20240620,S92000003,80.717143
2023/24,2024,20240621,S92000003,81.829002
2023/24,2024,20240624,S92000003,84.259225
2023/24,2024,20240625,S92000003,78.959082
2023/24,2024,20240626,S92000003,84.706582
2023/24,2024,20240627,S92000003,99.527999
2023/24,2024,20240628,S92000003,99.463363
2023/24,2024,20240630,S92000003,99.33242
2023/24,2024,20240701,S92000003,104.583024
2023/24,2024,20240702,S92000003,107.475769
2023/24,2024,20240703,S92000003,113.525827
2023/24,2024,20240704,S92000003,65.277547
2023/24,2024,20240705,S92000003,60.061519
2023/24,2024,20240706,S92000003,59.583861
2023/24,2024,20240708,S92000003,53.924603
2023/24,2024,20240709,S92000003,59.241934
2023/24,2024,20240710,S92000003,59.927691
2023/24,2024,20240711,S92000003,60.079347
2023/24,2024,20240712,S92000003,74.726265
2023/24,2024,20240713,S92000003,74.838176
2023/24,2024,20240715,S92000003,99.409529
2023/24,2024,20240716,S92000003,120.034425
2023/24,2024,20240717,S92000003,150.069389
2023/24,2024,20240718,S92000003,207.50469
2023/24,2024,20240719,S92000003,232.218233
2023/24,2024,20240722,S92000003,205.321222
2023/24,2024,20240723,S92000003,186.523522
2023/24,2024,20240724,S92000003,182.156458
2023/24,2024,20240725,S92000003,147.362648
2023/24,2024,20240726,S92000003,125.346156
2023/24,2024,20240729,S92000003,117.188574
2023/24,2024,20240730,S92000003,129.45508
2023/24,2024,20240805,S92000003,257.755301
2023/24,2024,20240806,S92000003,302.296667
2023/24,2024,20240807,S92000003,262.00717
2023/24,2024,20240808,S92000003,243.987766
2023/24,2024,20240809,S92000003,230.107028
2023/24,2024,20240812,S92000003,204.958137
2023/24,2024,20240813,S92000003,226.052031
2023/24,2024,20240814,S92000003,220.740239
2023/24,2024,20240815,S92000003,190.206747
2023/24,2024,20240816,S92000003,169.273156
2023/24,2024,20240819,S92000003,103.652067
2023/24,2024,20240820,S92000003,48.792986
2023/24,2024,20240821,S92000003,37.237116
2023/24,2024,20240822,S92000003,33.601904
2023/24,2024,20240823,S92000003,33.840347
2023/24,2024,20240826,S92000003,35.162389
2023/24,2024,20240827,S92000003,37.988116
2023/24,2024,20240828,S92000003,35.770959
2023/24,2024,20240829,S92000003,37.548475
2023/24,2024,20240830,S92000003,35.565543
2023/24,2024,20240902,S92000003,40.987467
2023/24,2024,20240903,S92000003,47.311075
2023/24,2024,20240904,S92000003,59.926256
2023/24,2024,20240905,S92000003,70.78738
2023/24,2024,20240906,S92000003,76.166805
2023/24,2024,20240909,S92000003,74.165201
2023/24,2024,20240910,S92000003,65.502938
2023/24,2024,20240911,S92000003,57.164592
2023/24,2024,20240912,S92000003,51.271708
2023/24,2024,20240913,S92000003,54.053996
2023/24,2024,20240916,S92000003,46.798185
2023/24,2024,20240917,S92000003,38.468781
2023/24,2024,20240918,S92000003,41.713765
2023/24,2024,20240919,S92000003,42.993128
2023/24,2024,20240920,S92000003,36.279478
2023/24,2024,20240923,S92000003,33.689471
2023/24,2024,20240924,S92000003,32.672149
2023/24,2024,20240925,S92000003,29.886917
2023/24,2024,20240926,S92000003,40.078111
2023/24,2024,20240927,S92000003,51.001981
2023/24,2024,20240928,S92000003,51.140731
2024/25,2024,20240930,S92000003,59.759378
2024/25,2024,20241001,S92000003,59.652697
2024/25,2024,20241002,S92000003,61.346792
2024/25,2024,20241003,S92000003,52.542058
2024/25,2024,20241004,S92000003,40.96569
2024/25,2024,20241007,S92000003,36.052958
2024/25,2024,20241008,S92000003,34.16805
2024/25,2024,20241009,S92000003,31.565143
2024/25,2024,20241010,S92000003,32.846947
2024/25,2024,20241011,S92000003,31.892713
2024/25,2024,20241012,S92000003,32.018155
2024/25,2024,20241014,S92000003,28.075288
2024/25,2024,20241015,S92000003,22.95884
2024/25,2024,20241016,S92000003,15.440754
2024/25,2024,20241017,S92000003,8.977928
2024/25,2024,20241018,S92000003,10.819865
2024/25,2024,20241021,S92000003,15.341912
2024/25,2024,20241022,S92000003,19.980504
2024/25,2024,20241023,S92000003,26.20005
2024/25,2024,20241024,S92000003,29.839611
2024/25,2024,20241025,S92000003,28.286369
2024/25,2024,20241028,S92000003,26.484997
2024/25,2024,20241029,S92000003,24.037157
2024/25,2024,20241030,S92000003,24.351971
2024/25,2024,20241031,S92000003,24.365739
2024/25,2024,20241101,S92000003,23.139983
2024/25,2024,20241104,S92000003,24.533176
2024/25,2024,20241105,S92000003,26.345654
2024/25,2024,20241106,S92000003,22.050207
2024/25,2024,20241107,S92000003,19.856958
2024/25,2024,20241108,S92000003,19.449331
2024/25,2024,20241111,S92000003,17.663333
2024/25,2024,20241112,S92000003,18.331323
2024/25,2024,20241113,S92000003,19.095725
2024/25,2024,20241114,S92000003,18.557163
2024/25,2024,20241115,S92000003,17.774963
2024/25,2024,20241118,S92000003,16.495575
2024/25,2024,20241119,S92000003,13.330083
2024/25,2024,20241120,S92000003,13.324161
2024/25,2024,20241121,S92000003,16.106957
2024/25,2024,20241122,S92000003,16.32627
2024/25,2024,20241125,S92000003,16.253066
2024/25,2024,20241126,S92000003,15.346088
2024/25,2024,20241127,S92000003,15.316974
2024/25,2024,20241128,S92000003,14.8828
2024/25,2024,20241129,S92000003,13.789264
2024/25,2024,20241202,S92000003,14.587483
2024/25,2024,20241203,S92000003,15.758883
2024/25,2024,20241204,S92000003,15.305395
2024/25,2024,20241205,S92000003,14.16477
2024/25,2024,20241206,S92000003,14.117681
2024/25,2024,20241209,S92000003,11.991457
2024/25,2024,20241210,S92000003,11.017132
2024/25,2024,20241211,S92000003,9.844198
2024/25,2024,20241212,S92000003,11.463241
2024/25,2024,20241213,S92000003,10.480262
2024/25,2024,20241216,S92000003,12.935301
2024/25,2024,20241217,S92000003,16.247304
2024/25,2024,20241218,S92000003,15.684308
2024/25,2024,20241219,S92000003,14.364884
2024/25,2024,20241220,S92000003,16.006806
2024/25,2024,20241223,S92000003,14.769803
2024/25,2024,20241224,S92000003,12.1158
2024/25,2024,20241226,S92000003,12.3042
2024/25,2024,20241227,S92000003,17.13854
2024/25,2024,20241228,S92000003,17.059894
2023/24,2024,20241230,S92000003,18.459952
2023/24,2024,20241231,S92000003,17.240383
2024/25,2025,20250102,S92000003,17.202602
2024/25,2025,20250103,S92000003,10.519142
2024/25,2025,20250106,S92000003,6.453892
2024/25,2025,20250107,S92000003,6.217979
2024/25,2025,20250108,S92000003,5.987563
2024/25,2025,20250109,S92000003,6.961794
2024/25,2025,20250110,S92000003,5.705782
2024/25,2025,20250113,S92000003,5.2582700000000004
2024/25,2025,20250114,S92000003,5.133557
2024/25,2025,20250115,S92000003,4.76563
2024/25,2025,20250116,S92000003,3.618249
2024/25,2025,20250117,S92000003,3.780708
2024/25,2025,20250120,S92000003,3.921491
2024/25,2025,20250121,S92000003,3.876664
2024/25,2025,20250122,S92000003,3.820167
2024/25,2025,20250123,S92000003,4.176056
2024/25,2025,20250124,S92000003,4.110459
2024/25,2025,20250127,S92000003,3.53775
2024/25,2025,20250128,S92000003,3.370721
2024/25,2025,20250129,S92000003,2.91511
2024/25,2025,20250130,S92000003,3.009205
2024/25,2025,20250131,S92000003,3.041411
2024/25,2025,20250203,S92000003,2.995994
2024/25,2025,20250204,S92000003,3.176361
2024/25,2025,20250205,S92000003,3.166087
2024/25,2025,20250206,S92000003,3.098193
2024/25,2025,20250207,S92000003,3.367413
2024/25,2025,20250210,S92000003,3.906662
2024/25,2025,20250211,S92000003,4.07911
2024/25,2025,20250212,S92000003,5.35321
2024/25,2025,20250213,S92000003,5.559594
2024/25,2025,20250214,S92000003,5.134696
2024/25,2025,20250217,S92000003,5.346855
2024/25,2025,20250218,S92000003,5.528424
2024/25,2025,20250219,S92000003,5.370827
2024/25,2025,20250220,S92000003,5.774427
2024/25,2025,20250221,S92000003,5.913143
2024/25,2025,20250224,S92000003,5.9227359999999996
2024/25,2025,20250225,S92000003,5.191833
2024/25,2025,20250226,S92000003,4.356971
2024/25,2025,20250227,S92000003,3.507356
2024/25,2025,20250228,S92000003,3.590516
2024/25,2025,20250301,S92000003,3.567334
2024/25,2025,20250303,S92000003,3.709271
2024/25,2025,20250304,S92000003,3.988985
2024/25,2025,20250305,S92000003,4.55731
2024/25,2025,20250306,S92000003,5.48745
2024/25,2025,20250307,S92000003,5.370802
2024/25,2025,20250310,S92000003,4.93637
2024/25,2025,20250311,S92000003,5.298795
2024/25,2025,20250312,S92000003,5.178853
2024/25,2025,20250313,S92000003,4.772385
2024/25,2025,20250314,S92000003,4.717062
2024/25,2025,20250317,S92000003,5.419648
2024/25,2025,20250318,S92000003,6.027923
2024/25,2025,20250319,S92000003,5.953299
2024/25,2025,20250320,S92000003,6.842173
2024/25,2025,20250321,S92000003,6.970576
2024/25,2025,20250324,S92000003,8.104963
2024/25,2025,20250325,S92000003,9.867136
2024/25,2025,20250326,S92000003,10.902697999999999
2024/25,2025,20250327,S92000003,12.409895
2024/25,2025,20250328,S92000003,12.870363
2024/25,2025,20250329,S92000003,12.807125
2024/25,2025,20250331,S92000003,11.626357
2024/25,2025,20250401,S92000003,11.372951
2024/25,2025,20250402,S92000003,11.116243
2024/25,2025,20250403,S92000003,10.351794
2024/25,2025,20250404,S92000003,10.672821
2024/25,2025,20250407,S92000003,12.709555
2024/25,2025,20250408,S92000003,12.833794
2024/25,2025,20250409,S92000003,13.138394
2024/25,2025,20250410,S92000003,12.887691
2024/25,2025,20250411,S92000003,13.527837
2024/25,2025,20250414,S92000003,13.357351
2024/25,2025,20250415,S92000003,13.083158
2024/25,2025,20250416,S92000003,12.635665
2024/25,2025,20250417,S92000003,12.835173
2024/25,2025,20250418,S92000003,12.82497
2024/25,2025,20250421,S92000003,11.267513
2024/25,2025,20250422,S92000003,11.73134
2024/25,2025,20250423,S92000003,11.860362
2024/25,2025,20250424,S92000003,13.199934
2024/25,2025,20250425,S92000003,12.352697
2024/25,2025,20250426,S92000003,12.336577
2024/25,2025,20250428,S92000003,14.162911
2024/25,2025,20250429,S92000003,14.487442
2024/25,2025,20250430,S92000003,16.472396
2024/25,2025,20250501,S92000003,16.840128
2024/25,2025,20250502,S92000003,18.632621
2024/25,2025,20250505,S92000003,17.433645
2024/25,2025,20250506,S92000003,18.479716
2024/25,2025,20250507,S92000003,16.813973
2024/25,2025,20250508,S92000003,16.701177
2024/25,2025,20250509,S92000003,16.50243
2024/25,2025,20250512,S92000003,16.095518
2024/25,2025,20250513,S92000003,15.806887
2024/25,2025,20250514,S92000003,17.611429
2024/25,2025,20250515,S92000003,19.269795
2024/25,2025,20250516,S92000003,19.929386
2024/25,2025,20250519,S92000003,22.225432
2024/25,2025,20250520,S92000003,22.38548
2024/25,2025,20250521,S92000003,19.85544
2024/25,2025,20250522,S92000003,18.372629
2024/25,2025,20250523,S92000003,18.858828
2024/25,2025,20250526,S92000003,19.139453
2024/25,2025,20250527,S92000003,19.148742
2024/25,2025,20250528,S92000003,21.758932
2024/25,2025,20250529,S92000003,24.662705
2024/25,2025,20250530,S92000003,24.808339
2024/25,2025,20250602,S92000003,26.621086
2024/25,2025,20250603,S92000003,26.80852
2024/25,2025,20250604,S92000003,29.611819
2024/25,2025,20250605,S92000003,27.148669
2024/25,2025,20250606,S92000003,27.312595
2024/25,2025,20250609,S92000003,24.816325
2024/25,2025,20250610,S92000003,26.414157
2024/25,2025,20250611,S92000003,23.82139
2024/25,2025,20250612,S92000003,34.462089
2024/25,2025,20250613,S92000003,38.124025
2024/25,2025,20250616,S92000003,41.440697
2024/25,2025,20250617,S92000003,40.481452
2024/25,2025,20250618,S92000003,44.273273
2024/25,2025,20250619,S92000003,30.984383
2024/25,2025,20250620,S92000003,31.548728
2024/25,2025,20250622,S92000003,31.547158
2024/25,2025,20250623,S92000003,30.052587
2024/25,2025,20250624,S92000003,27.742455
2024/25,2025,20250625,S92000003,24.809599
2024/25,2025,20250626,S92000003,26.577229
2024/25,2025,20250627,S92000003,25.040454
2024/25,2025,20250628,S92000003,24.892976
2024/25,2025,20250630,S92000003,24.81424
2024/25,2025,20250701,S92000003,26.409364
2024/25,2025,20250702,S92000003,25.541034
2024/25,2025,20250703,S92000003,24.474442
2024/25,2025,20250707,S92000003,22.691657
2024/25,2025,20250708,S92000003,24.040933
2024/25,2025,20250709,S92000003,24.19672
2024/25,2025,20250710,S92000003,24.229564
2024/25,2025,20250714,S92000003,32.121976
2024/25,2025,20250715,S92000003,34.265708
2024/25,2025,20250716,S92000003,34.312185
2024/25,2025,20250717,S92000003,34.22169
2024/25,2025,20250721,S92000003,42.185901
2024/25,2025,20250722,S92000003,40.802877
2024/25,2025,20250723,S92000003,40.045661
2024/25,2025,20250724,S92000003,39.905694
2024/25,2025,20250728,S92000003,32.053238
2024/25,2025,20250729,S92000003,28.302313
2024/25,2025,20250730,S92000003,27.346593
2024/25,2025,20250731,S92000003,27.254076
2024/25,2025,20250804,S92000003,27.421576
2024/25,2025,20250805,S92000003,30.948142
2024/25,2025,20250806,S92000003,33.216452
2024/25,2025,20250807,S92000003,33.934561
2024/25,2025,20250811,S92000003,41.599071
2024/25,2025,20250812,S92000003,40.49807
2024/25,2025,20250813,S92000003,38.543238
2024/25,2025,20250814,S92000003,38.17497
2024/25,2025,20250818,S92000003,42.818523
2024/25,2025,20250819,S92000003,40.716358
2024/25,2025,20250820,S92000003,41.006018
2024/25,2025,20250821,S92000003,40.943188
2024/25,2025,20250822,S92000003,40.963985
2024/25,2025,20250825,S92000003,33.500649
2024/25,2025,20250826,S92000003,34.909478
2024/25,2025,20250827,S92000003,35.15441
2024/25,2025,20250828,S92000003,35.372223
2024/25,2025,20250901,S92000003,51.580896
2024/25,2025,20250902,S92000003,57.971011
2024/25,2025,20250903,S92000003,59.484459
2024/25,2025,20250908,S92000003,41.551208
2024/25,2025,20250909,S92000003,34.540855
2024/25,2025,20250910,S92000003,35.089016
2024/25,2025,20250911,S92000003,35.232269
2024/25,2025,20250915,S92000003,50.185404
2024/25,2025,20250916,S92000003,55.730586
2024/25,2025,20250917,S92000003,54.832894
2024/25,2025,20250918,S92000003,54.934521
2024/25,2025,20250922,S92000003,39.392562
2024/25,2025,20250923,S92000003,35.1715
2024/25,2025,20250924,S92000003,33.664853
2025/26,2025,20250929,S92000003,37.117278
2025/26,2025,20250930,S92000003,37.328674
2025/26,2025,20251001,S92000003,37.899668
2025/26,2025,20251002,S92000003,37.92338
2025/26,2025,20251006,S92000003,28.494704
2025/26,2025,20251007,S92000003,27.28914
2025/26,2025,20251008,S92000003,27.455213
2025/26,2025,20251013,S92000003,19.167943
2025/26,2025,20251014,S92000003,17.991133
2025/26,2025,20251015,S92000003,18.304721
2025/26,2025,20251020,S92000003,15.187491
2025/26,2025,20251021,S92000003,15.674959
2025/26,2025,20251022,S92000003,16.078864
2025/26,2025,20251027,S92000003,20.561689
2025/26,2025,20251028,S92000003,18.024894
2025/26,2025,20251029,S92000003,17.623693
2025/26,2025,20251103,S92000003,14.437986
2025/26,2025,20251104,S92000003,15.637576
2025/26,2025,20251105,S92000003,15.560181
2025/26,2025,20251110,S92000003,11.560092
2025/26,2025,20251111,S92000003,8.77166
2025/26,2025,20251112,S92000003,8.460901
2025/26,2025,20251113,S92000003,8.471699
2025/26,2025,20251117,S92000003,8.38705
2025/26,2025,20251118,S92000003,9.35338
2025/26,2025,20251119,S92000003,9.580664
2025/26,2025,20251120,S92000003,9.613622
2025/26,2025,20251124,S92000003,9.025935
2025/26,2025,20251125,S92000003,8.486716
2025/26,2025,20251126,S92000003,8.718837
2025/26,2025,20251201,S92000003,7.802275
2025/26,2025,20251202,S92000003,7.904098
2025/26,2025,20251203,S92000003,7.525779
2025/26,2025,20251208,S92000003,6.805811
2025/26,2025,20251209,S92000003,6.787382
2025/26,2025,20251210,S92000003,6.700089
2025/26,2025,20251215,S92000003,4.969769
2025/26,2025,20251216,S92000003,5.534573
2025/26,2025,20251217,S92000003,5.740731
2025/26,2025,20251222,S92000003,9.326925
2025/26,2025,20251223,S92000003,8.835587
2024/25,2025,20251229,S92000003,9.252823
2024/25,2025,20251230,S92000003,9.76111
2025/26,2026,20260105,S92000003,8.021338
2025/26,2026,20260106,S92000003,7.984291
2025/26,2026,20260107,S92000003,7.647722
2025/26,2026,20260112,S92000003,7.517316
2025/26,2026,20260113,S92000003,7.412661
2025/26,2026,20260114,S92000003,7.81542
2025/26,2026,20260115,S92000003,7.785143
2025/26,2026,20260119,S92000003,6.906126
2025/26,2026,20260120,S92000003,7.462375
2025/26,2026,20260121,S92000003,7.587831
2025/26,2026,20260122,S92000003,7.589507
2025/26,2026,20260126,S92000003,9.080978
2025/26,2026,20260127,S92000003,9.029678
2025/26,2026,20260128,S92000003,9.234581
2025/26,2026,20260202,S92000003,9.409858
2025/26,2026,20260203,S92000003,9.897086
2025/26,2026,20260204,S92000003,10.271984
2025/26,2026,20260209,S92000003,9.824855
2025/26,2026,20260210,S92000003,11.019905
2025/26,2026,20260211,S92000003,11.614597
2025/26,2026,20260215,S92000003,11.662642
2025/26,2026,20260216,S92000003,11.402635
2025/26,2026,20260217,S92000003,9.837622
2025/26,2026,20260218,S92000003,9.399545
2025/26,2026,20260223,S92000003,9.484572
2025/26,2026,20260224,S92000003,8.884355
2025/26,2026,20260225,S92000003,8.876594
2025/26,2026,20260302,S92000003,8.980612
2025/26,2026,20260303,S92000003,8.304429
2025/26,2026,20260304,S92000003,8.178851
2025/26,2026,20260309,S92000003,4.586079
2025/26,2026,20260310,S92000003,4.387109
2025/26,2026,20260311,S92000003,4.461235
2025/26,2026,20260316,S92000003,3.15422
2025/26,2026,20260317,S92000003,2.692946
2025/26,2026,20260318,S92000003,2.576406
2025/26,2026,20260323,S92000003,1.863761
2025/26,2026,20260324,S92000003,1.862145
2025/26,2026,20260325,S92000003,1.796049
2025/26,2026,20260330,S92000003,1.326663
2025/26,2026,20260331,S92000003,1.319771
2025/26,2026,20260401,S92000003,1.758121
2025/26,2026,20260406,S92000003,2.890101
2025/26,2026,20260407,S92000003,2.916121
2025/26,2026,20260408,S92000003,2.614822
2025/26,2026,20260409,S92000003,2.609095
2025/26,2026,20260413,S92000003,2.017732
2025/26,2026,20260414,S92000003,1.25792
2025/26,2026,20260415,S92000003,1.233795
2025/26,2026,20260420,S92000003,1.161278
2025/26,2026,20260421,S92000003,1.15824
2025/26,2026,20260422,S92000003,1.149766
2025/26,2026,20260427,S92000003,0.426578
2025/26,2026,20260428,S92000003,0.454317
2025/26,2026,20260429,S92000003,0.438764
2025/26,2026,20260504,S92000003,2.060865
2025/26,2026,20260505,S92000003,2.132883
2025/26,2026,20260506,S92000003,1.989468
2025/26,2026,20260511,S92000003,1.225642
2025/26,2026,20260512,S92000003,0.900406
2025/26,2026,20260518,S92000003,1.721297
2025/26,2026,20260519,S92000003,1.599806
2025/26,2026,20260520,S92000003,1.507478
2025/26,2026,20260525,S92000003,0.886518
2025/26,2026,20260526,S92000003,0.758701
2025/26,2026,20260527,S92000003,0.780158
2025/26,2026,20260529,S92000003,0.799599
2025/26,2026,20260601,S92000003,1.004946
2025/26,2026,20260602,S92000003,0.96963
2025/26,2026,20260603,S92000003,0.836452
2025/26,2026,20260608,S92000003,0.78886
2025/26,2026,20260609,S92000003,0.803075
2025/26,2026,20260610,S92000003,0.913393
2025/26,2026,20260611,S92000003,0.885927
2025/26,2026,20260615,S92000003,1.077019
2025/26,2026,20260616,S92000003,1.143223
2025/26,2026,20260617,S92000003,1.0445
